id,name,category,phone,removal_reason,lat,lng,map_link
biz_atlas_1789797327688_kvadv,شقه بجوار الحضاره الاهرام والمتحف الكبير,نشاط تجاري وخدمي,01000000000,عمارة أو شقة أو مرفق سكني أضيف بالخطأ,29.9886398,31.1030598,"https://www.google.com/maps?q=29.9886398,31.1030598"
biz_atlas_1789797326620_m6zcm,Quite pyramids flat near new museum remaia & hadayk Al ahram,نشاط تجاري وخدمي,01000000000,عمارة أو شقة أو مرفق سكني أضيف بالخطأ,29.988823,31.1026306,"https://www.google.com/maps?q=29.988823,31.1026306"
biz_atlas_1789797325702_xc4ff,Quite pyramids flat near new museum remaia hadayk Al ahram,نشاط تجاري وخدمي,01000000000,عمارة أو شقة أو مرفق سكني أضيف بالخطأ,29.9863606,31.1031799,"https://www.google.com/maps?q=29.9863606,31.1031799"
biz_atlas_1789797322370_nmciv,مساكن شباب الرمايه عماره 83,نشاط تجاري وخدمي,01000000000,عمارة أو شقة أو مرفق سكني أضيف بالخطأ,29.9886908,31.1016871,"https://www.google.com/maps?q=29.9886908,31.1016871"
biz_atlas_1789797321563_z7orr,عماره ٤١٦ أ,نشاط تجاري وخدمي,01000000000,عمارة أو شقة أو مرفق سكني أضيف بالخطأ,29.9860509,31.1039646,"https://www.google.com/maps?q=29.9860509,31.1039646"
biz_atlas_1789797320737_p5lh2,عماره ٣١٦ ز,نشاط تجاري وخدمي,01000000000,عمارة أو شقة أو مرفق سكني أضيف بالخطأ,29.981597,31.09401,"https://www.google.com/maps?q=29.981597,31.09401"
biz_atlas_1789797318765_p12x3,ستديو فاخر بحدائق الاهرام,نشاط تجاري وخدمي,01000000000,عمارة أو شقة أو مرفق سكني أضيف بالخطأ,29.9798985,31.0971012,"https://www.google.com/maps?q=29.9798985,31.0971012"
biz_atlas_1789797317669_3mqtm,شقه ساحرة بجوار أهرامات الجيزة مثالية للعائلات والأزواج والعُزّاب منفردين,نشاط تجاري وخدمي,01000000000,عمارة أو شقة أو مرفق سكني أضيف بالخطأ,29.9799404,31.097105,"https://www.google.com/maps?q=29.9799404,31.097105"
biz_atlas_1789797316184_wiud5,عماره اليمن,نشاط تجاري وخدمي,01000000000,عمارة أو شقة أو مرفق سكني أضيف بالخطأ,29.9837809,31.0986649,"https://www.google.com/maps?q=29.9837809,31.0986649"
biz_atlas_1789797313986_y24x8,121 ح,نشاط تجاري وخدمي,01000000000,عمارة أو شقة أو مرفق سكني أضيف بالخطأ,29.9753152,31.0992204,"https://www.google.com/maps?q=29.9753152,31.0992204"
biz_atlas_1789792872900_e8i5h,341ح,نشاط تجاري وخدمي,01000000000,عمارة أو شقة أو مرفق سكني أضيف بالخطأ,29.971151,31.1013542,"https://www.google.com/maps?q=29.971151,31.1013542"
biz_atlas_1789792872193_saref,شقه الجديده ٣٢٨ ز,نشاط تجاري وخدمي,01000000000,عمارة أو شقة أو مرفق سكني أضيف بالخطأ,29.9711917,31.1013439,"https://www.google.com/maps?q=29.9711917,31.1013439"
biz_atlas_1789792869641_ehc19,١٥٥ه,نشاط تجاري وخدمي,01000000000,عمارة أو شقة أو مرفق سكني أضيف بالخطأ,29.971151,31.1013542,"https://www.google.com/maps?q=29.971151,31.1013542"
biz_atlas_1789792866306_edquj,٩٩ح,نشاط تجاري وخدمي,01000000000,عمارة أو شقة أو مرفق سكني أضيف بالخطأ,29.9733158,31.0994903,"https://www.google.com/maps?q=29.9733158,31.0994903"
biz_atlas_1789792356888_g5yb0,عماره ١٤١أ,نشاط تجاري وخدمي,01000000000,عمارة أو شقة أو مرفق سكني أضيف بالخطأ,29.9833796,31.1032267,"https://www.google.com/maps?q=29.9833796,31.1032267"
biz_atlas_1789792353633_t1dh0,شقه الحدايق,نشاط تجاري وخدمي,01000000000,عمارة أو شقة أو مرفق سكني أضيف بالخطأ,29.9771777,31.1021675,"https://www.google.com/maps?q=29.9771777,31.1021675"
biz_atlas_1789792352714_ium1x,عماره 91ب,نشاط تجاري وخدمي,01000000000,عمارة أو شقة أو مرفق سكني أضيف بالخطأ,29.9795775,31.104832,"https://www.google.com/maps?q=29.9795775,31.104832"
biz_atlas_1789792258548_a7rkm,257D,كافيهات ومقاهي ومشروبات,01000000000,عمارة أو شقة أو مرفق سكني أضيف بالخطأ,29.9719183,31.1044269,"https://www.google.com/maps?q=29.9719183,31.1044269"
biz_atlas_1789792125576_hvx34,89 ب,نشاط تجاري وخدمي,01000000000,عمارة أو شقة أو مرفق سكني أضيف بالخطأ,29.9795456,31.105406,"https://www.google.com/maps?q=29.9795456,31.105406"
biz_atlas_1789792123319_tyu7t,٦٨ ب,نشاط تجاري وخدمي,01000000000,عمارة أو شقة أو مرفق سكني أضيف بالخطأ,29.9801013,31.1075197,"https://www.google.com/maps?q=29.9801013,31.1075197"
biz_atlas_1789792121961_bz3u5,شقه احمد شوقي,نشاط تجاري وخدمي,01000000000,عمارة أو شقة أو مرفق سكني أضيف بالخطأ,29.9771625,31.1050116,"https://www.google.com/maps?q=29.9771625,31.1050116"
biz_atlas_1789784582337_c7bxt,حدائق الاهرام - Two-Bedroom Apartment,نشاط تجاري وخدمي,01000000000,عمارة أو شقة أو مرفق سكني أضيف بالخطأ,29.9911995,31.1286697,"https://www.google.com/maps?q=29.9911995,31.1286697"
biz_atlas_1789784581336_offs0,Apartment in Hadayek El Ahram - Two-Bedroom Apartment,نشاط تجاري وخدمي,01000000000,عمارة أو شقة أو مرفق سكني أضيف بالخطأ,29.9911804,31.1285401,"https://www.google.com/maps?q=29.9911804,31.1285401"
biz_atlas_1789784580896_6401h,184 T,نشاط تجاري وخدمي,01000000000,عمارة أو شقة أو مرفق سكني أضيف بالخطأ,29.9911705,31.128542,"https://www.google.com/maps?q=29.9911705,31.128542"
biz_atlas_1789784580703_49c1r,Rental Room in Apartment in Giza only Female - Double Room,نشاط تجاري وخدمي,01000000000,عمارة أو شقة أو مرفق سكني أضيف بالخطأ,29.9911708,31.1285305,"https://www.google.com/maps?q=29.9911708,31.1285305"
biz_atlas_1789784578785_84v6z,شقه المتحف - Three-Bedroom Apartment,نشاط تجاري وخدمي,01000000000,عمارة أو شقة أو مرفق سكني أضيف بالخطأ,29.9909096,31.1153603,"https://www.google.com/maps?q=29.9909096,31.1153603"
biz_atlas_1789784578450_k162o,شقه المتحف,نشاط تجاري وخدمي,01000000000,عمارة أو شقة أو مرفق سكني أضيف بالخطأ,29.9909076,31.1153622,"https://www.google.com/maps?q=29.9909076,31.1153622"
biz_atlas_1789784570350_sz59l,٢٤ ط,مطاعم ومأكولات ومخابز,01000000000,عمارة أو شقة أو مرفق سكني أضيف بالخطأ,29.9898807,31.130581,"https://www.google.com/maps?q=29.9898807,31.130581"
biz_atlas_1789779606786_at6zk,مساكن الاستثماري٢٠١,نشاط تجاري وخدمي,011 19124502,عمارة أو شقة أو مرفق سكني أضيف بالخطأ,29.9857463,31.1189343,"https://www.google.com/maps?q=29.9857463,31.1189343"
biz_atlas_1789777494522_wge6y,شقق فرساي الفندقيه - Three-Bedroom Apartment,نشاط تجاري وخدمي,01000000000,عمارة أو شقة أو مرفق سكني أضيف بالخطأ,29.9716301,31.1137504,"https://www.google.com/maps?q=29.9716301,31.1137504"
biz_atlas_1789777494431_19w49,قريه ماليبو 1/7B - One-Bedroom Apartment,نشاط تجاري وخدمي,01000000000,عمارة أو شقة أو مرفق سكني أضيف بالخطأ,29.9716301,31.1137504,"https://www.google.com/maps?q=29.9716301,31.1137504"
biz_atlas_1789777460291_7ngmy,Great Pyramids View 3BR Luxury Apartment & Balcony,نشاط تجاري وخدمي,01000000000,عمارة أو شقة أو مرفق سكني أضيف بالخطأ,29.9719257,31.1084385,"https://www.google.com/maps?q=29.9719257,31.1084385"
biz_atlas_1789777459834_ok7ds,سكني - One-Bedroom Apartment,نشاط تجاري وخدمي,01000000000,عمارة أو شقة أو مرفق سكني أضيف بالخطأ,29.9717598,31.1085396,"https://www.google.com/maps?q=29.9717598,31.1085396"
biz_atlas_1789777426121_yloxu,private rooftop with hot jacuzzi and pyramids view - One-Bedroom Apartment,نشاط تجاري وخدمي,01000000000,عمارة أو شقة أو مرفق سكني أضيف بالخطأ,29.9730091,31.1088505,"https://www.google.com/maps?q=29.9730091,31.1088505"
biz_atlas_1789777425842_heka5,شقة فندقية اطلالة مباشرة علي الاهرامات - Three-Bedroom Apartment,نشاط تجاري وخدمي,01000000000,عمارة أو شقة أو مرفق سكني أضيف بالخطأ,29.9729004,31.1089306,"https://www.google.com/maps?q=29.9729004,31.1089306"
biz_atlas_1789777425709_e5497,Pyramids view - Free Wi Fi - Studio Apartment,نشاط تجاري وخدمي,01000000000,عمارة أو شقة أو مرفق سكني أضيف بالخطأ,29.9729099,31.1089306,"https://www.google.com/maps?q=29.9729099,31.1089306"
biz_atlas_1789777370622_sp0nn,Spacious 2-bedroom apartment with Rooftop between GEM and Giza Pyramids,نشاط تجاري وخدمي,01000000000,عمارة أو شقة أو مرفق سكني أضيف بالخطأ,29.9813423,31.1054211,"https://www.google.com/maps?q=29.9813423,31.1054211"
biz_atlas_1789777368783_izbbx,شقق فرساي الفندقيه - Three-Bedroom Apartment,نشاط تجاري وخدمي,01000000000,عمارة أو شقة أو مرفق سكني أضيف بالخطأ,29.9716301,31.1137504,"https://www.google.com/maps?q=29.9716301,31.1137504"
biz_atlas_1789777368689_5mcp4,قريه ماليبو 1/7B - One-Bedroom Apartment,نشاط تجاري وخدمي,01000000000,عمارة أو شقة أو مرفق سكني أضيف بالخطأ,29.9716301,31.1137504,"https://www.google.com/maps?q=29.9716301,31.1137504"
biz_atlas_1789777368438_dd2e9,Modern apartment near the pyramids - Three-Bedroom Apartment,نشاط تجاري وخدمي,01000000000,عمارة أو شقة أو مرفق سكني أضيف بالخطأ,29.976139,31.1107597,"https://www.google.com/maps?q=29.976139,31.1107597"
biz_atlas_1789777368231_kuqcv,شقة فيو الاهرامات pyramids view,نشاط تجاري وخدمي,01000000000,عمارة أو شقة أو مرفق سكني أضيف بالخطأ,29.9765091,31.1122112,"https://www.google.com/maps?q=29.9765091,31.1122112"
biz_atlas_1789777366018_dg9q0,١٦٤د,نشاط تجاري وخدمي,01000000000,عمارة أو شقة أو مرفق سكني أضيف بالخطأ,29.9745441,31.1061171,"https://www.google.com/maps?q=29.9745441,31.1061171"
biz_atlas_1789777276340_bxal1,مساكن النقابات الرمايه,نشاط تجاري وخدمي,012 10488883,عمارة أو شقة أو مرفق سكني أضيف بالخطأ,29.9829945,31.1129443,"https://www.google.com/maps?q=29.9829945,31.1129443"
biz_atlas_1789777274450_4kxz7,Spacious 2-bedroom apartment with Rooftop between GEM and Giza Pyramids,نشاط تجاري وخدمي,01000000000,عمارة أو شقة أو مرفق سكني أضيف بالخطأ,29.9813423,31.1054211,"https://www.google.com/maps?q=29.9813423,31.1054211"
biz_atlas_1789777272521_1j5jz,شقق فرساي الفندقيه - Three-Bedroom Apartment,نشاط تجاري وخدمي,01000000000,عمارة أو شقة أو مرفق سكني أضيف بالخطأ,29.9716301,31.1137504,"https://www.google.com/maps?q=29.9716301,31.1137504"
biz_atlas_1789777272429_64yig,قريه ماليبو 1/7B - One-Bedroom Apartment,نشاط تجاري وخدمي,01000000000,عمارة أو شقة أو مرفق سكني أضيف بالخطأ,29.9716301,31.1137504,"https://www.google.com/maps?q=29.9716301,31.1137504"
biz_atlas_1789777271923_sr9hd,Modern apartment near the pyramids - Three-Bedroom Apartment,نشاط تجاري وخدمي,01000000000,عمارة أو شقة أو مرفق سكني أضيف بالخطأ,29.976139,31.1107597,"https://www.google.com/maps?q=29.976139,31.1107597"
biz_atlas_1789777271751_n14bt,شقة فيو الاهرامات pyramids view,نشاط تجاري وخدمي,01000000000,عمارة أو شقة أو مرفق سكني أضيف بالخطأ,29.9765091,31.1122112,"https://www.google.com/maps?q=29.9765091,31.1122112"
biz_atlas_1789777234446_9idle,مدينة الرماية بجوار المتحف المصري - Two-Bedroom Apartment,نشاط تجاري وخدمي,01000000000,عمارة أو شقة أو مرفق سكني أضيف بالخطأ,29.9837494,31.1179504,"https://www.google.com/maps?q=29.9837494,31.1179504"
biz_atlas_1789777202326_ancet,عماره ١٨٤ استثماري مساكن الضباط,نشاط تجاري وخدمي,01000000000,عمارة أو شقة أو مرفق سكني أضيف بالخطأ,29.9856065,31.1212074,"https://www.google.com/maps?q=29.9856065,31.1212074"
biz_atlas_1789777200259_2zqgb,عماره 118,نشاط تجاري وخدمي,01000000000,عمارة أو شقة أو مرفق سكني أضيف بالخطأ,29.9869762,31.1128548,"https://www.google.com/maps?q=29.9869762,31.1128548"
biz_atlas_1789777200153_jw2m2,محطة مساكن شباب الرماية,نشاط تجاري وخدمي,01000000000,عمارة أو شقة أو مرفق سكني أضيف بالخطأ,29.9842176,31.1114328,"https://www.google.com/maps?q=29.9842176,31.1114328"
biz_atlas_1789777159678_asuee,First Row to Pyramids - One-Bedroom Apartment,نشاط تجاري وخدمي,01000000000,عمارة أو شقة أو مرفق سكني أضيف بالخطأ,29.9845504,31.1226196,"https://www.google.com/maps?q=29.9845504,31.1226196"
biz_atlas_1789777159575_y1sni,عماره ١٨٤ استثماري مساكن الضباط,نشاط تجاري وخدمي,01000000000,عمارة أو شقة أو مرفق سكني أضيف بالخطأ,29.9856065,31.1212074,"https://www.google.com/maps?q=29.9856065,31.1212074"
biz_atlas_1789777158816_otr9j,Retro Chic Pyramids View Museum Walking Distance - Three-Bedroom Apartment,نشاط تجاري وخدمي,01000000000,عمارة أو شقة أو مرفق سكني أضيف بالخطأ,29.9876995,31.1252193,"https://www.google.com/maps?q=29.9876995,31.1252193"
biz_atlas_1789777157348_00920,مساكن الضباط عماره 190 استثماري,نشاط تجاري وخدمي,01000000000,عمارة أو شقة أو مرفق سكني أضيف بالخطأ,29.9874584,31.1162632,"https://www.google.com/maps?q=29.9874584,31.1162632"
biz_atlas_1789777155798_owvf7,Al Qasas Tower - Three-Bedroom Apartment,نشاط تجاري وخدمي,01000000000,عمارة أو شقة أو مرفق سكني أضيف بالخطأ,29.9792995,31.1273498,"https://www.google.com/maps?q=29.9792995,31.1273498"
biz_atlas_1789777119019_b6zij,شقه فندقيه فاخره بمساكن الرمايه - Three-Bedroom Apartment,نشاط تجاري وخدمي,01000000000,عمارة أو شقة أو مرفق سكني أضيف بالخطأ,29.9896508,31.1272201,"https://www.google.com/maps?q=29.9896508,31.1272201"
biz_atlas_1789777118884_4ashn,Retro Chic Pyramids View Museum Walking Distance - Three-Bedroom Apartment,نشاط تجاري وخدمي,01000000000,عمارة أو شقة أو مرفق سكني أضيف بالخطأ,29.9876995,31.1252193,"https://www.google.com/maps?q=29.9876995,31.1252193"
biz_atlas_1789777117774_bce9a,Pyramid IX Direct Great Pyramid GEM View Superhost - One-Bedroom Apartment,نشاط تجاري وخدمي,01000000000,عمارة أو شقة أو مرفق سكني أضيف بالخطأ,29.9890003,31.1177597,"https://www.google.com/maps?q=29.9890003,31.1177597"
biz_atlas_1789777117284_7z8jo,شقه مفروشه مجهزة,نشاط تجاري وخدمي,01000000000,عمارة أو شقة أو مرفق سكني أضيف بالخطأ,29.9888344,31.1182346,"https://www.google.com/maps?q=29.9888344,31.1182346"
biz_atlas_1789777115883_e8v0h,Al Qasas Tower - Three-Bedroom Apartment,نشاط تجاري وخدمي,01000000000,عمارة أو شقة أو مرفق سكني أضيف بالخطأ,29.9792995,31.1273498,"https://www.google.com/maps?q=29.9792995,31.1273498"
biz_atlas_1789777077677_g1c1a,شقه فندقيه فاخره بمساكن الرمايه - Three-Bedroom Apartment,نشاط تجاري وخدمي,01000000000,عمارة أو شقة أو مرفق سكني أضيف بالخطأ,29.9896508,31.1272201,"https://www.google.com/maps?q=29.9896508,31.1272201"
biz_atlas_1789777077548_or7pt,Retro Chic Pyramids View Museum Walking Distance - Three-Bedroom Apartment,نشاط تجاري وخدمي,01000000000,عمارة أو شقة أو مرفق سكني أضيف بالخطأ,29.9876995,31.1252193,"https://www.google.com/maps?q=29.9876995,31.1252193"
biz_atlas_1789777076376_m3enm,Pyramid IX Direct Great Pyramid GEM View Superhost - One-Bedroom Apartment,نشاط تجاري وخدمي,01000000000,عمارة أو شقة أو مرفق سكني أضيف بالخطأ,29.9890003,31.1177597,"https://www.google.com/maps?q=29.9890003,31.1177597"
biz_atlas_1789777075912_n00qr,شقه مفروشه مجهزة,نشاط تجاري وخدمي,01000000000,عمارة أو شقة أو مرفق سكني أضيف بالخطأ,29.9888344,31.1182346,"https://www.google.com/maps?q=29.9888344,31.1182346"
biz_atlas_1789777074626_yca0x,Al Qasas Tower - Three-Bedroom Apartment,نشاط تجاري وخدمي,01000000000,عمارة أو شقة أو مرفق سكني أضيف بالخطأ,29.9792995,31.1273498,"https://www.google.com/maps?q=29.9792995,31.1273498"
biz_atlas_1789777032706_vj9zo,شقه فندقيه فاخره بمساكن الرمايه - Three-Bedroom Apartment,نشاط تجاري وخدمي,01000000000,عمارة أو شقة أو مرفق سكني أضيف بالخطأ,29.9896508,31.1272201,"https://www.google.com/maps?q=29.9896508,31.1272201"
biz_atlas_1789777032545_9tspv,Retro Chic Pyramids View Museum Walking Distance - Three-Bedroom Apartment,نشاط تجاري وخدمي,01000000000,عمارة أو شقة أو مرفق سكني أضيف بالخطأ,29.9876995,31.1252193,"https://www.google.com/maps?q=29.9876995,31.1252193"
biz_atlas_1789777030769_7nzk6,Pyramid IX Direct Great Pyramid GEM View Superhost - One-Bedroom Apartment,نشاط تجاري وخدمي,01000000000,عمارة أو شقة أو مرفق سكني أضيف بالخطأ,29.9890003,31.1177597,"https://www.google.com/maps?q=29.9890003,31.1177597"
biz_atlas_1789777029412_5k2cv,شقه مفروشه مجهزة,نشاط تجاري وخدمي,01000000000,عمارة أو شقة أو مرفق سكني أضيف بالخطأ,29.9888344,31.1182346,"https://www.google.com/maps?q=29.9888344,31.1182346"
biz_atlas_1789777027530_8pcvz,Al Qasas Tower - Three-Bedroom Apartment,نشاط تجاري وخدمي,01000000000,عمارة أو شقة أو مرفق سكني أضيف بالخطأ,29.9792995,31.1273498,"https://www.google.com/maps?q=29.9792995,31.1273498"
biz_atlas_1789776056176_ywr19,محطة مساكن شباب الرماية,نشاط تجاري وخدمي,01000000000,عمارة أو شقة أو مرفق سكني أضيف بالخطأ,29.9842176,31.1114328,"https://www.google.com/maps?q=29.9842176,31.1114328"
biz_atlas_1789775967700_y79b4,Al Qasas Tower - Three-Bedroom Apartment,نشاط تجاري وخدمي,01000000000,عمارة أو شقة أو مرفق سكني أضيف بالخطأ,29.9792995,31.1273498,"https://www.google.com/maps?q=29.9792995,31.1273498"
biz_atlas_1789775937128_g78k5,Al Qasas Tower - Three-Bedroom Apartment,نشاط تجاري وخدمي,01000000000,عمارة أو شقة أو مرفق سكني أضيف بالخطأ,29.9792995,31.1273498,"https://www.google.com/maps?q=29.9792995,31.1273498"
biz_gplaces_1789206220183_gongq,كهربائي حدائق الاهرام تشطيبات وديكورات كهرباء تاسيس كهرباء شقق وفلل وشركات تركيب صيانة كهرباء تركيب خطوط فايبر تركيب نجف,دهانات وديكورات وورق حائط,010 64242285,عمارة أو شقة أو مرفق سكني أضيف بالخطأ,29.9644038,31.0975917,"https://www.google.com/maps?q=29.9644038,31.0975917"
biz_gplaces_1789206113968_xhx07,Villa Baboushka - فيلا بابوشكا,محل ملابس حريمي وعبايات,010 08801801,عمارة أو شقة أو مرفق سكني أضيف بالخطأ,30.0263,31.01206,"https://www.google.com/maps?q=30.0263,31.01206"
biz_gplaces_1789196399453_zltlj,كمبوند حي المنتزه,مكتب مقاولات وتشطيبات وبناء,010 53668025,عمارة أو شقة أو مرفق سكني أضيف بالخطأ,29.9089163,31.0581806,"https://www.google.com/maps?q=29.9089163,31.0581806"
biz_gplaces_1789090099947_aav8s,مكتب عقارات المعادى,مكتب عقارات وتسويق عقاري,010 95532822,عمارة أو شقة أو مرفق سكني أضيف بالخطأ,29.968395,31.2668589,"https://www.google.com/maps?q=29.968395,31.2668589"
biz_gplaces_1789056376067_5d5yx,الليجريا كومباوند,نشاط تجاري / خدمي آخر,010 66855502,عمارة أو شقة أو مرفق سكني أضيف بالخطأ,30.0679323,30.9535605,"https://www.google.com/maps?q=30.0679323,30.9535605"
lead_1788921336932,كشري التحرير‭,مطعم / مأكولات ومشويات,0219719,عمارة أو شقة أو مرفق سكني أضيف بالخطأ,30.035847,31.204922,"https://www.google.com/maps?q=30.035847,31.204922"
biz_atlas_1789797323184_tbv4d,سميرة,نشاط تجاري وخدمي,01000000000,سجل تالف أو وهمي (اسم شخص مجرد وليس منشأة تجارية),29.9845541,31.0946385,"https://www.google.com/maps?q=29.9845541,31.0946385"
biz_atlas_1789777234063_j6h25,152,نشاط تجاري وخدمي,01000000000,سجل تالف أو وهمي (رمز أو نقطة فارغة),29.9839366,31.1164905,"https://www.google.com/maps?q=29.9839366,31.1164905"
biz_atlas_1789777228976_ovhh1,.,صالونات ومراكز تجميل وعناية,01000000000,سجل تالف أو وهمي (رمز أو نقطة فارغة),29.9776039,31.1088759,"https://www.google.com/maps?q=29.9776039,31.1088759"
biz_atlas_1789777118377_8m4zt,.,نشاط تجاري وخدمي,01000000000,سجل تالف أو وهمي (رمز أو نقطة فارغة),29.9913806,31.1278143,"https://www.google.com/maps?q=29.9913806,31.1278143"
biz_atlas_1789777076943_wovxo,.,نشاط تجاري وخدمي,01000000000,سجل تالف أو وهمي (رمز أو نقطة فارغة),29.9913806,31.1278143,"https://www.google.com/maps?q=29.9913806,31.1278143"
biz_atlas_1789777031819_448dm,.,نشاط تجاري وخدمي,01000000000,سجل تالف أو وهمي (رمز أو نقطة فارغة),29.9913806,31.1278143,"https://www.google.com/maps?q=29.9913806,31.1278143"
biz_atlas_1789775968608_qoi5w,.,نشاط تجاري وخدمي,01000000000,سجل تالف أو وهمي (رمز أو نقطة فارغة),29.9913806,31.1278143,"https://www.google.com/maps?q=29.9913806,31.1278143"
biz_atlas_1789775939446_8o4fi,.,نشاط تجاري وخدمي,01000000000,سجل تالف أو وهمي (رمز أو نقطة فارغة),29.9913806,31.1278143,"https://www.google.com/maps?q=29.9913806,31.1278143"
biz_gplaces_1789532384470_x41le,ب,نشاط تجاري / خدمي آخر,011 11999841,سجل تالف أو وهمي (رمز أو نقطة فارغة),29.9887585,31.1331041,"https://www.google.com/maps?q=29.9887585,31.1331041"
biz_gplaces_1789532716940_81k2s,موان المهندس للحدايد والبويات والسباكه والكهرباء,سبا وجاكوزي وحمام مغربي,010 28407712,تصنيف مشوه ومضلل (محل سباكة ومواد بناء صُنّف خطأ كـ 'سبا وجاكوزي وحمام مغربي' بسبب كلمة (سباكة)),30.0487112,30.9552761,"https://www.google.com/maps?q=30.0487112,30.9552761"
biz_gplaces_1789532716810_agdrr,موان الدقي,مطعم / مأكولات ومشويات,011 51125559,تصنيف مشوه ومضلل (نشاط صناعي أو مواد بناء صُنّف خطأ كـ 'مطعم ومأكولات'),30.057977,31.2095665,"https://www.google.com/maps?q=30.057977,31.2095665"
biz_gplaces_1789532716531_z23fi,موان الحسانين,سبا وجاكوزي وحمام مغربي,010 64847977,تصنيف مشوه ومضلل (محل سباكة ومواد بناء صُنّف خطأ كـ 'سبا وجاكوزي وحمام مغربي' بسبب كلمة (سباكة)),29.968868,31.0951753,"https://www.google.com/maps?q=29.968868,31.0951753"
biz_gplaces_1789532715982_7x77v,موان الشعراوي,سبا وجاكوزي وحمام مغربي,011 13131416,تصنيف مشوه ومضلل (محل سباكة ومواد بناء صُنّف خطأ كـ 'سبا وجاكوزي وحمام مغربي' بسبب كلمة (سباكة)),29.9599503,31.0911483,"https://www.google.com/maps?q=29.9599503,31.0911483"
biz_gplaces_1789531592903_pg7uv,الرزق للادوات الصحيه سباكين الطوارئ,سبا وجاكوزي وحمام مغربي,011 17467379,تصنيف مشوه ومضلل (محل سباكة ومواد بناء صُنّف خطأ كـ 'سبا وجاكوزي وحمام مغربي' بسبب كلمة (سباكة)),30.0796587,31.234343,"https://www.google.com/maps?q=30.0796587,31.234343"
biz_gplaces_1789531590315_jwii1,معرض المدينه لادوات الصحية حدائق الاهرام علاء السباك،سباك صحي تأسيس وتشطيب السباكه الحديثة,سبا وجاكوزي وحمام مغربي,010 22864266,تصنيف مشوه ومضلل (محل سباكة ومواد بناء صُنّف خطأ كـ 'سبا وجاكوزي وحمام مغربي' بسبب كلمة (سباكة)),29.9685932,31.0963424,"https://www.google.com/maps?q=29.9685932,31.0963424"
biz_1788721991952,الإخلاص لتوزيع وتجارة الأدوات الصحية,سبا وجاكوزي وحمام مغربي,01101976666,تصنيف مشوه ومضلل (محل سباكة ومواد بناء صُنّف خطأ كـ 'سبا وجاكوزي وحمام مغربي' بسبب كلمة (سباكة)),29.953031,31.097129,"https://www.google.com/maps?q=29.953031,31.097129"
biz_atlas_1789797324620_w2a0g,فريده ابو كوهيه,نشاط تجاري وخدمي,01000000000,نشاط شبحي ناقص تماماً (بلا هاتف وبلا صور حقيقية),29.9855103,31.1039922,"https://www.google.com/maps?q=29.9855103,31.1039922"
biz_atlas_1789797316922_byca3,Giza PYRAMIDS with camel ride,نشاط تجاري وخدمي,01000000000,نشاط شبحي ناقص تماماً (بلا هاتف وبلا صور حقيقية),29.9824695,31.0961609,"https://www.google.com/maps?q=29.9824695,31.0961609"
biz_atlas_1789797314674_h0i4t,Yassir fuad,نشاط تجاري وخدمي,01000000000,نشاط شبحي ناقص تماماً (بلا هاتف وبلا صور حقيقية),29.9863928,31.1041282,"https://www.google.com/maps?q=29.9863928,31.1041282"
biz_atlas_1789797310013_bznru,96 zein,نشاط تجاري وخدمي,01000000000,نشاط شبحي ناقص تماماً (بلا هاتف وبلا صور حقيقية),29.9808094,31.0963572,"https://www.google.com/maps?q=29.9808094,31.0963572"
biz_atlas_1789797309044_18qh8,Mostafa mohamed saied,نشاط تجاري وخدمي,01000000000,نشاط شبحي ناقص تماماً (بلا هاتف وبلا صور حقيقية),29.982908,31.0948352,"https://www.google.com/maps?q=29.982908,31.0948352"
biz_atlas_1789797307990_kvyqe,مركز الكابتن ايمن على,أندية وجيم وصالات رياضية,01000000000,نشاط شبحي ناقص تماماً (بلا هاتف وبلا صور حقيقية),29.9884075,31.101907,"https://www.google.com/maps?q=29.9884075,31.101907"
biz_atlas_1789797305763_4w2gm,كابتن عمرو عاطف swim fit academy حدائق الاهرام,نشاط تجاري وخدمي,01000000000,نشاط شبحي ناقص تماماً (بلا هاتف وبلا صور حقيقية),29.9830976,31.0957919,"https://www.google.com/maps?q=29.9830976,31.0957919"
biz_atlas_1789797290559_mll8g,MORI BARBER,مطاعم ومأكولات ومخابز,01000000000,نشاط شبحي ناقص تماماً (بلا هاتف وبلا صور حقيقية),29.9802775,31.0984315,"https://www.google.com/maps?q=29.9802775,31.0984315"
biz_atlas_1789797286569_a52ce,Sasa barber shop,كافيهات ومقاهي ومشروبات,01000000000,نشاط شبحي ناقص تماماً (بلا هاتف وبلا صور حقيقية),29.9811759,31.0971424,"https://www.google.com/maps?q=29.9811759,31.0971424"
biz_atlas_1789797281655_eszpz,Dr. Mahmoud El.bendary,عيادات ومراكز طبية وصيدليات,01000000000,نشاط شبحي ناقص تماماً (بلا هاتف وبلا صور حقيقية),29.9855742,31.0939513,"https://www.google.com/maps?q=29.9855742,31.0939513"
biz_atlas_1789797273084_g41mw,صيدليه افق,عيادات ومراكز طبية وصيدليات,01000000000,نشاط شبحي ناقص تماماً (بلا هاتف وبلا صور حقيقية),29.985379,31.0978842,"https://www.google.com/maps?q=29.985379,31.0978842"
biz_atlas_1789797270419_zmlj1,Dr Noha Said,عيادات ومراكز طبية وصيدليات,01000000000,نشاط شبحي ناقص تماماً (بلا هاتف وبلا صور حقيقية),29.9848194,31.0995433,"https://www.google.com/maps?q=29.9848194,31.0995433"
biz_atlas_1789797267413_hh440,دكتورة حياة حازم,عيادات ومراكز طبية وصيدليات,01000000000,نشاط شبحي ناقص تماماً (بلا هاتف وبلا صور حقيقية),29.9802057,31.0967505,"https://www.google.com/maps?q=29.9802057,31.0967505"
biz_atlas_1789797263278_o59e4,Molar clinic,عيادات ومراكز طبية وصيدليات,01000000000,نشاط شبحي ناقص تماماً (بلا هاتف وبلا صور حقيقية),29.9820693,31.0971171,"https://www.google.com/maps?q=29.9820693,31.0971171"
biz_atlas_1789797259646_f8mfe,دار الانبا دوماديوس,عيادات ومراكز طبية وصيدليات,01000000000,نشاط شبحي ناقص تماماً (بلا هاتف وبلا صور حقيقية),29.9814033,31.092365,"https://www.google.com/maps?q=29.9814033,31.092365"
biz_atlas_1789797250392_7tzrl,الجونه 2 كافيه,كافيهات ومقاهي ومشروبات,01000000000,نشاط شبحي ناقص تماماً (بلا هاتف وبلا صور حقيقية),29.9802352,31.0984577,"https://www.google.com/maps?q=29.9802352,31.0984577"
biz_atlas_1789797246565_g1t8p,اسماك السمسميه للماكولات البحريه,مطاعم ومأكولات ومخابز,01000000000,نشاط شبحي ناقص تماماً (بلا هاتف وبلا صور حقيقية),29.9881675,31.1031233,"https://www.google.com/maps?q=29.9881675,31.1031233"
biz_atlas_1789797235695_wqf3m,Amr Gheith (RFAROSHYO),مطاعم ومأكولات ومخابز,01000000000,نشاط شبحي ناقص تماماً (بلا هاتف وبلا صور حقيقية),29.985508,31.099262,"https://www.google.com/maps?q=29.985508,31.099262"
biz_atlas_1789797234974_52sw3,بيتزا طرخان كريب,مطاعم ومأكولات ومخابز,01000000000,نشاط شبحي ناقص تماماً (بلا هاتف وبلا صور حقيقية),29.984817,31.099696,"https://www.google.com/maps?q=29.984817,31.099696"
biz_atlas_1789797232551_3dihg,المخبز السوداني,مطاعم ومأكولات ومخابز,01000000000,نشاط شبحي ناقص تماماً (بلا هاتف وبلا صور حقيقية),29.9850671,31.0979506,"https://www.google.com/maps?q=29.9850671,31.0979506"
biz_atlas_1789797230972_qmrzu,قلبظ,مطاعم ومأكولات ومخابز,01000000000,نشاط شبحي ناقص تماماً (بلا هاتف وبلا صور حقيقية),29.9839766,31.0983027,"https://www.google.com/maps?q=29.9839766,31.0983027"
biz_atlas_1789797227614_lsz6e,بيتزا هاوس,مطاعم ومأكولات ومخابز,01000000000,نشاط شبحي ناقص تماماً (بلا هاتف وبلا صور حقيقية),29.9837397,31.0984006,"https://www.google.com/maps?q=29.9837397,31.0984006"
biz_atlas_1789797224314_oexwg,Papa John's Pizza,مطاعم ومأكولات ومخابز,01000000000,نشاط شبحي ناقص تماماً (بلا هاتف وبلا صور حقيقية),29.9830741,31.0997907,"https://www.google.com/maps?q=29.9830741,31.0997907"
biz_atlas_1789797222187_i3t7b,ايبي سوشي Ebi sushi,مطاعم ومأكولات ومخابز,01000000000,نشاط شبحي ناقص تماماً (بلا هاتف وبلا صور حقيقية),29.982899,31.0987918,"https://www.google.com/maps?q=29.982899,31.0987918"
biz_atlas_1789797220994_bf1td,ELOMDA Cafe,كافيهات ومقاهي ومشروبات,01000000000,نشاط شبحي ناقص تماماً (بلا هاتف وبلا صور حقيقية),29.9815659,31.0978245,"https://www.google.com/maps?q=29.9815659,31.0978245"
biz_atlas_1789793555555_2yveg,21ه‍,نشاط تجاري وخدمي,01000000000,نشاط شبحي ناقص تماماً (بلا هاتف وبلا صور حقيقية),29.9691654,31.1064235,"https://www.google.com/maps?q=29.9691654,31.1064235"
biz_atlas_1789793549322_i22y2,الطحان,صالونات ومراكز تجميل وعناية,01000000000,نشاط شبحي ناقص تماماً (بلا هاتف وبلا صور حقيقية),29.9675962,31.1080721,"https://www.google.com/maps?q=29.9675962,31.1080721"
biz_atlas_1789792880316_rngun,رامي خضر رامي خضر,نشاط تجاري وخدمي,01000000000,نشاط شبحي ناقص تماماً (بلا هاتف وبلا صور حقيقية),29.9815531,31.1010074,"https://www.google.com/maps?q=29.9815531,31.1010074"
biz_atlas_1789792879742_w16rz,علي باقيس الحدائق,نشاط تجاري وخدمي,01000000000,نشاط شبحي ناقص تماماً (بلا هاتف وبلا صور حقيقية),29.981964,31.100283,"https://www.google.com/maps?q=29.981964,31.100283"
biz_atlas_1789792874992_jgmf0,Mama princess,نشاط تجاري وخدمي,01000000000,نشاط شبحي ناقص تماماً (بلا هاتف وبلا صور حقيقية),29.9711917,31.1013439,"https://www.google.com/maps?q=29.9711917,31.1013439"
biz_atlas_1789792874289_1zf88,العنود,نشاط تجاري وخدمي,01000000000,نشاط شبحي ناقص تماماً (بلا هاتف وبلا صور حقيقية),29.9711209,31.1015892,"https://www.google.com/maps?q=29.9711209,31.1015892"
biz_atlas_1789792873614_6xdbs,حدائق الاهرام بجوار المتحف المصري الكبير,نشاط تجاري وخدمي,01000000000,نشاط شبحي ناقص تماماً (بلا هاتف وبلا صور حقيقية),29.9713898,31.1013908,"https://www.google.com/maps?q=29.9713898,31.1013908"
biz_atlas_1789792867019_npcbl,Plc1,نشاط تجاري وخدمي,01000000000,نشاط شبحي ناقص تماماً (بلا هاتف وبلا صور حقيقية),29.9707295,31.1011587,"https://www.google.com/maps?q=29.9707295,31.1011587"
biz_atlas_1789792865607_wluko,BOGA KHALID,نشاط تجاري وخدمي,01000000000,نشاط شبحي ناقص تماماً (بلا هاتف وبلا صور حقيقية),29.971151,31.1013542,"https://www.google.com/maps?q=29.971151,31.1013542"
biz_atlas_1789792864327_9z0q7,CIB Squash Open,أندية وجيم وصالات رياضية,01000000000,نشاط شبحي ناقص تماماً (بلا هاتف وبلا صور حقيقية),29.9711917,31.1013439,"https://www.google.com/maps?q=29.9711917,31.1013439"
biz_atlas_1789792861679_7nt6j,Ashraf salon,صالونات ومراكز تجميل وعناية,01000000000,نشاط شبحي ناقص تماماً (بلا هاتف وبلا صور حقيقية),29.9805878,31.1020198,"https://www.google.com/maps?q=29.9805878,31.1020198"
biz_atlas_1789792860439_t7woz,Beauty sugar clinic,صالونات ومراكز تجميل وعناية,01000000000,نشاط شبحي ناقص تماماً (بلا هاتف وبلا صور حقيقية),29.9806136,31.1001379,"https://www.google.com/maps?q=29.9806136,31.1001379"
biz_atlas_1789792855837_k13ff,صالون اسكندر للرجال,كافيهات ومقاهي ومشروبات,01000000000,نشاط شبحي ناقص تماماً (بلا هاتف وبلا صور حقيقية),29.9778042,31.0994856,"https://www.google.com/maps?q=29.9778042,31.0994856"
biz_atlas_1789792852781_pf610,موسسة السيف المضلات وسواتر,صالونات ومراكز تجميل وعناية,01000000000,نشاط شبحي ناقص تماماً (بلا هاتف وبلا صور حقيقية),29.971151,31.1013542,"https://www.google.com/maps?q=29.971151,31.1013542"
biz_atlas_1789792850696_2e1qw,مركز مها البدوي للتجميل,صالونات ومراكز تجميل وعناية,01000000000,نشاط شبحي ناقص تماماً (بلا هاتف وبلا صور حقيقية),29.971151,31.1013542,"https://www.google.com/maps?q=29.971151,31.1013542"
biz_atlas_1789792849071_9see5,سيد حمزه الزاملي,كافيهات ومقاهي ومشروبات,01000000000,نشاط شبحي ناقص تماماً (بلا هاتف وبلا صور حقيقية),29.971151,31.1013542,"https://www.google.com/maps?q=29.971151,31.1013542"
biz_atlas_1789792833820_4j4c3,مستشفى تقوى الرحمن,عيادات ومراكز طبية وصيدليات,01000000000,نشاط شبحي ناقص تماماً (بلا هاتف وبلا صور حقيقية),29.9770149,31.1008465,"https://www.google.com/maps?q=29.9770149,31.1008465"
biz_atlas_1789792825806_zwtmv,صيدليه شفاء shefaa pharmacy,عيادات ومراكز طبية وصيدليات,01000000000,نشاط شبحي ناقص تماماً (بلا هاتف وبلا صور حقيقية),29.971151,31.1013542,"https://www.google.com/maps?q=29.971151,31.1013542"
biz_atlas_1789792825069_d7ead,heal well clinics,عيادات ومراكز طبية وصيدليات,01000000000,نشاط شبحي ناقص تماماً (بلا هاتف وبلا صور حقيقية),29.971151,31.1013542,"https://www.google.com/maps?q=29.971151,31.1013542"
biz_atlas_1789792823539_zkcbj,صيدليه والي النادي,عيادات ومراكز طبية وصيدليات,01000000000,نشاط شبحي ناقص تماماً (بلا هاتف وبلا صور حقيقية),29.971151,31.1013542,"https://www.google.com/maps?q=29.971151,31.1013542"
biz_atlas_1789792821959_bq8ri,Dr Usama Teama Dental Clicic,عيادات ومراكز طبية وصيدليات,01000000000,نشاط شبحي ناقص تماماً (بلا هاتف وبلا صور حقيقية),29.9711917,31.1013439,"https://www.google.com/maps?q=29.9711917,31.1013439"
biz_atlas_1789792819995_mg1k5,صيدلية محمد ومي,عيادات ومراكز طبية وصيدليات,01000000000,نشاط شبحي ناقص تماماً (بلا هاتف وبلا صور حقيقية),29.9711917,31.1013439,"https://www.google.com/maps?q=29.9711917,31.1013439"
biz_atlas_1789792817653_34zdh,مركز /كلثوم للعلاج الطبيعى,عيادات ومراكز طبية وصيدليات,01000000000,نشاط شبحي ناقص تماماً (بلا هاتف وبلا صور حقيقية),29.971151,31.1013542,"https://www.google.com/maps?q=29.971151,31.1013542"
biz_atlas_1789792811730_qqdr5,محمد وائل العالمي,مطاعم ومأكولات ومخابز,01000000000,نشاط شبحي ناقص تماماً (بلا هاتف وبلا صور حقيقية),29.971151,31.1013542,"https://www.google.com/maps?q=29.971151,31.1013542"
biz_atlas_1789792810002_82yqx,حايل صدين,كافيهات ومقاهي ومشروبات,01000000000,نشاط شبحي ناقص تماماً (بلا هاتف وبلا صور حقيقية),29.971151,31.1013542,"https://www.google.com/maps?q=29.971151,31.1013542"
biz_atlas_1789792809294_l4etk,El-Hadba kitchen restaurant & Cafe,كافيهات ومقاهي ومشروبات,01000000000,نشاط شبحي ناقص تماماً (بلا هاتف وبلا صور حقيقية),29.971151,31.1013542,"https://www.google.com/maps?q=29.971151,31.1013542"
biz_atlas_1789792805559_ryee8,بوخارست 6,كافيهات ومقاهي ومشروبات,01000000000,نشاط شبحي ناقص تماماً (بلا هاتف وبلا صور حقيقية),29.9702962,31.1003725,"https://www.google.com/maps?q=29.9702962,31.1003725"
biz_atlas_1789792797651_nzaxw,مطعم سمسمة للاسماك,مطاعم ومأكولات ومخابز,01000000000,نشاط شبحي ناقص تماماً (بلا هاتف وبلا صور حقيقية),29.9748947,31.1009743,"https://www.google.com/maps?q=29.9748947,31.1009743"
biz_atlas_1789792777375_zbvkh,Cafe & restaurant Mazag,مطاعم ومأكولات ومخابز,01000000000,نشاط شبحي ناقص تماماً (بلا هاتف وبلا صور حقيقية),29.9713633,31.1012995,"https://www.google.com/maps?q=29.9713633,31.1012995"
biz_atlas_1789792773542_pdlbt,سمسمة للأسماك البحرية فرع هايبر المعاري,مطاعم ومأكولات ومخابز,01000000000,نشاط شبحي ناقص تماماً (بلا هاتف وبلا صور حقيقية),29.9711917,31.1013439,"https://www.google.com/maps?q=29.9711917,31.1013439"
biz_atlas_1789792355074_5yvur,Spacious 2 bedrooms 1 bath with rooftop minutes to the Pyramids,نشاط تجاري وخدمي,01000000000,نشاط شبحي ناقص تماماً (بلا هاتف وبلا صور حقيقية),29.9793854,31.1026135,"https://www.google.com/maps?q=29.9793854,31.1026135"
biz_atlas_1789792354369_84901,"""Homestay Near Giza Pyramids - Hadayek El Ahram""",نشاط تجاري وخدمي,01000000000,نشاط شبحي ناقص تماماً (بلا هاتف وبلا صور حقيقية),29.9775849,31.1044693,"https://www.google.com/maps?q=29.9775849,31.1044693"
biz_atlas_1789792352017_poya1,Giza hole,نشاط تجاري وخدمي,01000000000,نشاط شبحي ناقص تماماً (بلا هاتف وبلا صور حقيقية),29.97163,31.1137544,"https://www.google.com/maps?q=29.97163,31.1137544"
biz_atlas_1789792349980_7eu5w,م. طارق سامى,نشاط تجاري وخدمي,01000000000,نشاط شبحي ناقص تماماً (بلا هاتف وبلا صور حقيقية),29.9731287,31.1074514,"https://www.google.com/maps?q=29.9731287,31.1074514"
biz_atlas_1789792349254_jd081,المستشار/احمد سيف علوان,نشاط تجاري وخدمي,01000000000,نشاط شبحي ناقص تماماً (بلا هاتف وبلا صور حقيقية),29.9714736,31.1051213,"https://www.google.com/maps?q=29.9714736,31.1051213"
biz_atlas_1789792338866_myhew,اركبني,كافيهات ومقاهي ومشروبات,01000000000,نشاط شبحي ناقص تماماً (بلا هاتف وبلا صور حقيقية),29.9794267,31.1026694,"https://www.google.com/maps?q=29.9794267,31.1026694"
biz_atlas_1789792337718_t6d3i,صالون أحمد الفرجاني,صالونات ومراكز تجميل وعناية,01000000000,نشاط شبحي ناقص تماماً (بلا هاتف وبلا صور حقيقية),29.9794266,31.1026605,"https://www.google.com/maps?q=29.9794266,31.1026605"
biz_atlas_1789792335810_ezcsj,Salon Abdallah HAN,كافيهات ومقاهي ومشروبات,01000000000,نشاط شبحي ناقص تماماً (بلا هاتف وبلا صور حقيقية),29.9723145,31.1065053,"https://www.google.com/maps?q=29.9723145,31.1065053"
biz_atlas_1789792326485_8kied,Samar A Elrhman,صالونات ومراكز تجميل وعناية,01000000000,نشاط شبحي ناقص تماماً (بلا هاتف وبلا صور حقيقية),29.9733487,31.1059707,"https://www.google.com/maps?q=29.9733487,31.1059707"
biz_atlas_1789792322915_rlioj,Dr emad al dein,عيادات ومراكز طبية وصيدليات,01000000000,نشاط شبحي ناقص تماماً (بلا هاتف وبلا صور حقيقية),29.981051,31.1051097,"https://www.google.com/maps?q=29.981051,31.1051097"
biz_atlas_1789792321622_fk3hm,Dr Mohamed abd al aziz,عيادات ومراكز طبية وصيدليات,01000000000,نشاط شبحي ناقص تماماً (بلا هاتف وبلا صور حقيقية),29.9812654,31.1052977,"https://www.google.com/maps?q=29.9812654,31.1052977"
biz_atlas_1789792320944_33skz,عيادة دكتور محمد عبد العزيز أطفال,عيادات ومراكز طبية وصيدليات,01000000000,نشاط شبحي ناقص تماماً (بلا هاتف وبلا صور حقيقية),29.98127,31.1053041,"https://www.google.com/maps?q=29.98127,31.1053041"
biz_atlas_1789792318296_9te3x,عيادة دكتور أحمد الهادى,عيادات ومراكز طبية وصيدليات,01000000000,نشاط شبحي ناقص تماماً (بلا هاتف وبلا صور حقيقية),29.9813311,31.104937,"https://www.google.com/maps?q=29.9813311,31.104937"
biz_atlas_1789792316644_tmyc4,Al Salwa Medical Center,عيادات ومراكز طبية وصيدليات,01000000000,نشاط شبحي ناقص تماماً (بلا هاتف وبلا صور حقيقية),29.9848574,31.1031848,"https://www.google.com/maps?q=29.9848574,31.1031848"
biz_atlas_1789792314171_dyh3u,صيدلية د سعيد صبحي,عيادات ومراكز طبية وصيدليات,01000000000,نشاط شبحي ناقص تماماً (بلا هاتف وبلا صور حقيقية),29.9818302,31.1023289,"https://www.google.com/maps?q=29.9818302,31.1023289"
biz_atlas_1789792300212_ayvnr,mahe maya maynd,عيادات ومراكز طبية وصيدليات,01000000000,نشاط شبحي ناقص تماماً (بلا هاتف وبلا صور حقيقية),29.97163,31.1137544,"https://www.google.com/maps?q=29.97163,31.1137544"
biz_atlas_1789792296298_sv25m,مركز خطوة للعلاج الطبيعي,عيادات ومراكز طبية وصيدليات,01000000000,نشاط شبحي ناقص تماماً (بلا هاتف وبلا صور حقيقية),29.9711641,31.1046107,"https://www.google.com/maps?q=29.9711641,31.1046107"
biz_atlas_1789792294801_dtqv8,عياده د/ محمد العزب للاسنان وتجميل الفم,عيادات ومراكز طبية وصيدليات,01000000000,نشاط شبحي ناقص تماماً (بلا هاتف وبلا صور حقيقية),29.9715687,31.1044878,"https://www.google.com/maps?q=29.9715687,31.1044878"
biz_atlas_1789792290042_2lwnj,د/ مجدى عطااللة,عيادات ومراكز طبية وصيدليات,01000000000,نشاط شبحي ناقص تماماً (بلا هاتف وبلا صور حقيقية),29.9734952,31.1062036,"https://www.google.com/maps?q=29.9734952,31.1062036"
biz_atlas_1789792289334_0fesb,دكتور أشرف ابورية,عيادات ومراكز طبية وصيدليات,01000000000,نشاط شبحي ناقص تماماً (بلا هاتف وبلا صور حقيقية),29.9711425,31.1058713,"https://www.google.com/maps?q=29.9711425,31.1058713"
biz_atlas_1789792265225_mkmz7,كبابجي الصواف,مطاعم ومأكولات ومخابز,01000000000,نشاط شبحي ناقص تماماً (بلا هاتف وبلا صور حقيقية),29.97163,31.1137544,"https://www.google.com/maps?q=29.97163,31.1137544"
biz_atlas_1789792263889_c66c9,كافيه بي مزاج السوداني,كافيهات ومقاهي ومشروبات,01000000000,نشاط شبحي ناقص تماماً (بلا هاتف وبلا صور حقيقية),29.9714678,31.1072919,"https://www.google.com/maps?q=29.9714678,31.1072919"
biz_atlas_1789792260835_z6dt0,مطعم اسمك جمبرينو سي فود,مطاعم ومأكولات ومخابز,01000000000,نشاط شبحي ناقص تماماً (بلا هاتف وبلا صور حقيقية),29.9713982,31.1048625,"https://www.google.com/maps?q=29.9713982,31.1048625"
biz_atlas_1789792259482_j0dx4,Coffee Mart,كافيهات ومقاهي ومشروبات,01000000000,نشاط شبحي ناقص تماماً (بلا هاتف وبلا صور حقيقية),29.9726186,31.1064426,"https://www.google.com/maps?q=29.9726186,31.1064426"
biz_atlas_1789792126343_s5tq6,CastelNagy pyramids rooms - Deluxe Room (2 Adults + 1 Child),نشاط تجاري وخدمي,01000000000,نشاط شبحي ناقص تماماً (بلا هاتف وبلا صور حقيقية),29.9813499,31.1089706,"https://www.google.com/maps?q=29.9813499,31.1089706"
biz_atlas_1789792124031_ioeby,Dar sa7eb sa3ada,نشاط تجاري وخدمي,01000000000,نشاط شبحي ناقص تماماً (بلا هاتف وبلا صور حقيقية),29.9822085,31.108032,"https://www.google.com/maps?q=29.9822085,31.108032"
biz_atlas_1789792122648_4a8gc,البيت 2,نشاط تجاري وخدمي,01000000000,نشاط شبحي ناقص تماماً (بلا هاتف وبلا صور حقيقية),29.980783,31.1064037,"https://www.google.com/maps?q=29.980783,31.1064037"
biz_atlas_1789792121339_ano4m,Modather 38,نشاط تجاري وخدمي,01000000000,نشاط شبحي ناقص تماماً (بلا هاتف وبلا صور حقيقية),29.9752682,31.1054681,"https://www.google.com/maps?q=29.9752682,31.1054681"
biz_atlas_1789792119311_ou1m9,حدائق الاهرام 76 ج,نشاط تجاري وخدمي,01000000000,نشاط شبحي ناقص تماماً (بلا هاتف وبلا صور حقيقية),29.9759823,31.1091154,"https://www.google.com/maps?q=29.9759823,31.1091154"
biz_atlas_1789792107158_jr2yb,الديب صالون &صبا,كافيهات ومقاهي ومشروبات,01000000000,نشاط شبحي ناقص تماماً (بلا هاتف وبلا صور حقيقية),29.9756082,31.1077125,"https://www.google.com/maps?q=29.9756082,31.1077125"
biz_atlas_1789792106437_0exoj,مهندس محما سن الفيل,صالونات ومراكز تجميل وعناية,01000000000,نشاط شبحي ناقص تماماً (بلا هاتف وبلا صور حقيقية),29.9762376,31.1056672,"https://www.google.com/maps?q=29.9762376,31.1056672"
biz_atlas_1789792100076_kr1f1,My smile teeth clinic,عيادات ومراكز طبية وصيدليات,01000000000,نشاط شبحي ناقص تماماً (بلا هاتف وبلا صور حقيقية),29.9860547,31.1051575,"https://www.google.com/maps?q=29.9860547,31.1051575"
biz_atlas_1789792098816_73n7c,Prime dental clinic,عيادات ومراكز طبية وصيدليات,01000000000,نشاط شبحي ناقص تماماً (بلا هاتف وبلا صور حقيقية),29.9845844,31.1069416,"https://www.google.com/maps?q=29.9845844,31.1069416"
biz_atlas_1789792083661_y580k,Essam dental clinic,عيادات ومراكز طبية وصيدليات,01000000000,نشاط شبحي ناقص تماماً (بلا هاتف وبلا صور حقيقية),29.9808475,31.1069948,"https://www.google.com/maps?q=29.9808475,31.1069948"
biz_atlas_1789792081756_48yjc,Dr Alfy pharmacy,عيادات ومراكز طبية وصيدليات,01000000000,نشاط شبحي ناقص تماماً (بلا هاتف وبلا صور حقيقية),29.9794898,31.1061102,"https://www.google.com/maps?q=29.9794898,31.1061102"
biz_atlas_1789792074395_ju4ow,معامل المختبر - معامل مؤمنة كامل - Al Mokhtabar Labs,عيادات ومراكز طبية وصيدليات,01000000000,نشاط شبحي ناقص تماماً (بلا هاتف وبلا صور حقيقية),29.9750109,31.1092931,"https://www.google.com/maps?q=29.9750109,31.1092931"
biz_atlas_1789792059932_s77uu,مخبوزات زغطوط / الثروة المعدنية,مطاعم ومأكولات ومخابز,01000000000,نشاط شبحي ناقص تماماً (بلا هاتف وبلا صور حقيقية),29.980949,31.1091855,"https://www.google.com/maps?q=29.980949,31.1091855"
biz_atlas_1789792058070_mfmtg,Exit seven,كافيهات ومقاهي ومشروبات,01000000000,نشاط شبحي ناقص تماماً (بلا هاتف وبلا صور حقيقية),29.983188,31.1083636,"https://www.google.com/maps?q=29.983188,31.1083636"
biz_atlas_1789791851143_p162i,CastelNagy pyramids rooms,نشاط تجاري وخدمي,01000000000,نشاط شبحي ناقص تماماً (بلا هاتف وبلا صور حقيقية),29.9812922,31.1092762,"https://www.google.com/maps?q=29.9812922,31.1092762"
biz_atlas_1789791850506_fdaqm,Pyramids Gardens、Al Haram 1,نشاط تجاري وخدمي,01000000000,نشاط شبحي ناقص تماماً (بلا هاتف وبلا صور حقيقية),29.9768949,31.1092326,"https://www.google.com/maps?q=29.9768949,31.1092326"
biz_atlas_1789791849256_0ebhd,Troy Gym,أندية وجيم وصالات رياضية,01000000000,نشاط شبحي ناقص تماماً (بلا هاتف وبلا صور حقيقية),29.98443,31.1122526,"https://www.google.com/maps?q=29.98443,31.1122526"
biz_atlas_1789791844925_t2z63,Dr maysa esmail,صالونات ومراكز تجميل وعناية,01000000000,نشاط شبحي ناقص تماماً (بلا هاتف وبلا صور حقيقية),29.9792008,31.1106362,"https://www.google.com/maps?q=29.9792008,31.1106362"
biz_atlas_1789791825256_9pi85,دينت سمايل dr raed,عيادات ومراكز طبية وصيدليات,01000000000,نشاط شبحي ناقص تماماً (بلا هاتف وبلا صور حقيقية),29.977576,31.111848,"https://www.google.com/maps?q=29.977576,31.111848"
biz_atlas_1789791821739_bu9mw,مركز حدائق الاهرام الطبى للنسا والتوليد والعقم,عيادات ومراكز طبية وصيدليات,01000000000,نشاط شبحي ناقص تماماً (بلا هاتف وبلا صور حقيقية),29.9784445,31.1111681,"https://www.google.com/maps?q=29.9784445,31.1111681"
biz_atlas_1789791811078_xmf4s,أبو أنس الدمشقي,مطاعم ومأكولات ومخابز,01000000000,نشاط شبحي ناقص تماماً (بلا هاتف وبلا صور حقيقية),29.982805,31.1084288,"https://www.google.com/maps?q=29.982805,31.1084288"
biz_atlas_1789784903905_j3oio,Mohammed Sadiq home,نشاط تجاري وخدمي,01000000000,نشاط شبحي ناقص تماماً (بلا هاتف وبلا صور حقيقية),29.9833387,31.1140588,"https://www.google.com/maps?q=29.9833387,31.1140588"
biz_atlas_1789784903329_9ai5x,صالون خالد للرجال,كافيهات ومقاهي ومشروبات,01000000000,نشاط شبحي ناقص تماماً (بلا هاتف وبلا صور حقيقية),29.9891895,31.1129208,"https://www.google.com/maps?q=29.9891895,31.1129208"
biz_atlas_1789784582781_hmzsq,The green khan,نشاط تجاري وخدمي,01000000000,نشاط شبحي ناقص تماماً (بلا هاتف وبلا صور حقيقية),29.9912167,31.1286392,"https://www.google.com/maps?q=29.9912167,31.1286392"
biz_atlas_1789784582496_z0hu5,The PALACE,نشاط تجاري وخدمي,01000000000,نشاط شبحي ناقص تماماً (بلا هاتف وبلا صور حقيقية),29.9912167,31.1286392,"https://www.google.com/maps?q=29.9912167,31.1286392"
biz_atlas_1789784582106_6mqeg,Villa Sela Gem - Double Room,نشاط تجاري وخدمي,01000000000,نشاط شبحي ناقص تماماً (بلا هاتف وبلا صور حقيقية),29.9901104,31.1295395,"https://www.google.com/maps?q=29.9901104,31.1295395"
biz_atlas_1789784581883_d3dhp,Luxurious House at the Pyramids,نشاط تجاري وخدمي,01000000000,نشاط شبحي ناقص تماماً (بلا هاتف وبلا صور حقيقية),29.9910107,31.128889,"https://www.google.com/maps?q=29.9910107,31.128889"
biz_atlas_1789784581623_6sm7k,Bafana Pyramids Hotel & Spa,نشاط تجاري وخدمي,01000000000,نشاط شبحي ناقص تماماً (بلا هاتف وبلا صور حقيقية),29.9914111,31.1277989,"https://www.google.com/maps?q=29.9914111,31.1277989"
biz_atlas_1789784581123_buts0,cairo pulse stays,نشاط تجاري وخدمي,01000000000,نشاط شبحي ناقص تماماً (بلا هاتف وبلا صور حقيقية),29.9911704,31.1285423,"https://www.google.com/maps?q=29.9911704,31.1285423"
biz_atlas_1789784580326_z5lcq,Omar emam,نشاط تجاري وخدمي,01000000000,نشاط شبحي ناقص تماماً (بلا هاتف وبلا صور حقيقية),29.9911704,31.1285424,"https://www.google.com/maps?q=29.9911704,31.1285424"
biz_atlas_1789784580076_bee3z,Dr Sayed Wassel,نشاط تجاري وخدمي,01000000000,نشاط شبحي ناقص تماماً (بلا هاتف وبلا صور حقيقية),29.9911704,31.1285424,"https://www.google.com/maps?q=29.9911704,31.1285424"
biz_atlas_1789784579821_n9sxi,126 W Building,نشاط تجاري وخدمي,01000000000,نشاط شبحي ناقص تماماً (بلا هاتف وبلا صور حقيقية),29.9911704,31.1285424,"https://www.google.com/maps?q=29.9911704,31.1285424"
biz_atlas_1789784579543_u2ugx,The pharonic House,نشاط تجاري وخدمي,01000000000,نشاط شبحي ناقص تماماً (بلا هاتف وبلا صور حقيقية),29.9907443,31.1286994,"https://www.google.com/maps?q=29.9907443,31.1286994"
biz_atlas_1789784579295_q86ym,قاعات قصر الاميرات,نشاط تجاري وخدمي,01000000000,نشاط شبحي ناقص تماماً (بلا هاتف وبلا صور حقيقية),29.9916262,31.1269495,"https://www.google.com/maps?q=29.9916262,31.1269495"
biz_atlas_1789784579024_hbdtw,فندق جيم بلازا,أندية وجيم وصالات رياضية,01000000000,نشاط شبحي ناقص تماماً (بلا هاتف وبلا صور حقيقية),29.9902381,31.1304749,"https://www.google.com/maps?q=29.9902381,31.1304749"
biz_atlas_1789784578169_zqpbu,حدائق الاهرام,نشاط تجاري وخدمي,01000000000,نشاط شبحي ناقص تماماً (بلا هاتف وبلا صور حقيقية),29.9904594,31.1164894,"https://www.google.com/maps?q=29.9904594,31.1164894"
biz_atlas_1789784577946_krewh,Mia Bella salon,صالونات ومراكز تجميل وعناية,01000000000,نشاط شبحي ناقص تماماً (بلا هاتف وبلا صور حقيقية),29.9909939,31.1301165,"https://www.google.com/maps?q=29.9909939,31.1301165"
biz_atlas_1789784577670_3iigt,مساج ميرال - Massage,صالونات ومراكز تجميل وعناية,01000000000,نشاط شبحي ناقص تماماً (بلا هاتف وبلا صور حقيقية),29.9891236,31.1299485,"https://www.google.com/maps?q=29.9891236,31.1299485"
biz_atlas_1789784577416_ztv9q,صالون عبدة ياسر abdo yaser salon,صالونات ومراكز تجميل وعناية,01000000000,نشاط شبحي ناقص تماماً (بلا هاتف وبلا صور حقيقية),29.9906712,31.1292966,"https://www.google.com/maps?q=29.9906712,31.1292966"
biz_atlas_1789784577176_suofv,Timma,صالونات ومراكز تجميل وعناية,01000000000,نشاط شبحي ناقص تماماً (بلا هاتف وبلا صور حقيقية),29.9906417,31.1293182,"https://www.google.com/maps?q=29.9906417,31.1293182"
biz_atlas_1789784576895_kfuer,كركتر,صالونات ومراكز تجميل وعناية,01000000000,نشاط شبحي ناقص تماماً (بلا هاتف وبلا صور حقيقية),29.9906701,31.1292945,"https://www.google.com/maps?q=29.9906701,31.1292945"
biz_atlas_1789784576653_oitvw,عيادة دكتور على سعيد,عيادات ومراكز طبية وصيدليات,01000000000,نشاط شبحي ناقص تماماً (بلا هاتف وبلا صور حقيقية),29.9911705,31.1285421,"https://www.google.com/maps?q=29.9911705,31.1285421"
biz_atlas_1789784576356_a7036,صالون سعيد ومحمد,كافيهات ومقاهي ومشروبات,01000000000,نشاط شبحي ناقص تماماً (بلا هاتف وبلا صور حقيقية),29.9911695,31.128543,"https://www.google.com/maps?q=29.9911695,31.128543"
biz_atlas_1789784576136_g41nl,كوافير محمد الشبراوي,صالونات ومراكز تجميل وعناية,01000000000,نشاط شبحي ناقص تماماً (بلا هاتف وبلا صور حقيقية),29.9911704,31.1285423,"https://www.google.com/maps?q=29.9911704,31.1285423"
biz_atlas_1789784575879_bqd75,Nails by DoDo,صالونات ومراكز تجميل وعناية,01000000000,نشاط شبحي ناقص تماماً (بلا هاتف وبلا صور حقيقية),29.9906712,31.1292966,"https://www.google.com/maps?q=29.9906712,31.1292966"
biz_atlas_1789784575661_bw80u,البغدادي صالون,كافيهات ومقاهي ومشروبات,01000000000,نشاط شبحي ناقص تماماً (بلا هاتف وبلا صور حقيقية),29.9911704,31.1285423,"https://www.google.com/maps?q=29.9911704,31.1285423"
biz_atlas_1789784575461_kxv9g,Sisters Beauty Lounge,صالونات ومراكز تجميل وعناية,01000000000,نشاط شبحي ناقص تماماً (بلا هاتف وبلا صور حقيقية),29.9911704,31.1285424,"https://www.google.com/maps?q=29.9911704,31.1285424"
biz_atlas_1789784575210_387vj,Ahmed Hassan barber shop,كافيهات ومقاهي ومشروبات,01000000000,نشاط شبحي ناقص تماماً (بلا هاتف وبلا صور حقيقية),29.9914528,31.1278971,"https://www.google.com/maps?q=29.9914528,31.1278971"
biz_atlas_1789784574949_vz5u2,منزل حازم طه,كافيهات ومقاهي ومشروبات,01000000000,نشاط شبحي ناقص تماماً (بلا هاتف وبلا صور حقيقية),29.9880353,31.1157007,"https://www.google.com/maps?q=29.9880353,31.1157007"
biz_atlas_1789784574724_d5xwv,MSCare For Medical Services & Medical Tourism,عيادات ومراكز طبية وصيدليات,01000000000,نشاط شبحي ناقص تماماً (بلا هاتف وبلا صور حقيقية),29.9911704,31.1285424,"https://www.google.com/maps?q=29.9911704,31.1285424"
biz_atlas_1789784574474_i8g5p,دكتور مصطفى محمود أبو سبيع,عيادات ومراكز طبية وصيدليات,01000000000,نشاط شبحي ناقص تماماً (بلا هاتف وبلا صور حقيقية),29.9911733,31.1285398,"https://www.google.com/maps?q=29.9911733,31.1285398"
biz_atlas_1789784574248_r0xjf,Massar for Rehabilitation and physio therapy,عيادات ومراكز طبية وصيدليات,01000000000,نشاط شبحي ناقص تماماً (بلا هاتف وبلا صور حقيقية),29.9911118,31.1286278,"https://www.google.com/maps?q=29.9911118,31.1286278"
biz_atlas_1789784573925_u8z69,Dr Amr Yousry hospital,عيادات ومراكز طبية وصيدليات,01000000000,نشاط شبحي ناقص تماماً (بلا هاتف وبلا صور حقيقية),29.9911118,31.1286278,"https://www.google.com/maps?q=29.9911118,31.1286278"
biz_atlas_1789784573684_bnfaq,صيدلية خالد ربيع,عيادات ومراكز طبية وصيدليات,01000000000,نشاط شبحي ناقص تماماً (بلا هاتف وبلا صور حقيقية),29.9911704,31.1285423,"https://www.google.com/maps?q=29.9911704,31.1285423"
biz_atlas_1789784573431_9u52m,مركز حدائق الأهرام العلاج الطبيعي,عيادات ومراكز طبية وصيدليات,01000000000,نشاط شبحي ناقص تماماً (بلا هاتف وبلا صور حقيقية),29.9891757,31.1177953,"https://www.google.com/maps?q=29.9891757,31.1177953"
biz_atlas_1789784573131_j2yqg,Dr. Wael Pharmacy (صيدليه د.وائل الحديثه),عيادات ومراكز طبية وصيدليات,01000000000,نشاط شبحي ناقص تماماً (بلا هاتف وبلا صور حقيقية),29.990265,31.1145313,"https://www.google.com/maps?q=29.990265,31.1145313"
biz_atlas_1789784572899_njrpq,العيادة الخارجية ق.م بمساكن الرماية,عيادات ومراكز طبية وصيدليات,01000000000,نشاط شبحي ناقص تماماً (بلا هاتف وبلا صور حقيقية),29.9886941,31.1168047,"https://www.google.com/maps?q=29.9886941,31.1168047"
biz_atlas_1789784572590_a27c9,Royal Lotus restaurant,مطاعم ومأكولات ومخابز,01000000000,نشاط شبحي ناقص تماماً (بلا هاتف وبلا صور حقيقية),29.9905041,31.1302338,"https://www.google.com/maps?q=29.9905041,31.1302338"
biz_atlas_1789784572369_rnuvj,كافيه سهاىب,كافيهات ومقاهي ومشروبات,01000000000,نشاط شبحي ناقص تماماً (بلا هاتف وبلا صور حقيقية),29.9906662,31.1293002,"https://www.google.com/maps?q=29.9906662,31.1293002"
biz_atlas_1789784571969_xczbt,سلسلة مخبوزات جولد,مطاعم ومأكولات ومخابز,01000000000,نشاط شبحي ناقص تماماً (بلا هاتف وبلا صور حقيقية),29.9911739,31.1285393,"https://www.google.com/maps?q=29.9911739,31.1285393"
biz_atlas_1789784571695_qepue,عroof cafe,كافيهات ومقاهي ومشروبات,01000000000,نشاط شبحي ناقص تماماً (بلا هاتف وبلا صور حقيقية),29.9911704,31.1285423,"https://www.google.com/maps?q=29.9911704,31.1285423"
biz_atlas_1789784571409_c1mmq,Eng Mahmoud tamer,كافيهات ومقاهي ومشروبات,01000000000,نشاط شبحي ناقص تماماً (بلا هاتف وبلا صور حقيقية),29.9906237,31.1293314,"https://www.google.com/maps?q=29.9906237,31.1293314"
biz_atlas_1789784571145_fi1xg,Appetito cafee,كافيهات ومقاهي ومشروبات,01000000000,نشاط شبحي ناقص تماماً (بلا هاتف وبلا صور حقيقية),29.9911698,31.1285427,"https://www.google.com/maps?q=29.9911698,31.1285427"
biz_atlas_1789784570859_io5te,مطعم حلو و حادق,مطاعم ومأكولات ومخابز,01000000000,نشاط شبحي ناقص تماماً (بلا هاتف وبلا صور حقيقية),29.9911704,31.1285423,"https://www.google.com/maps?q=29.9911704,31.1285423"
biz_atlas_1789784570591_bk67x,Wa7Wa7 Resturant,مطاعم ومأكولات ومخابز,01000000000,نشاط شبحي ناقص تماماً (بلا هاتف وبلا صور حقيقية),29.9911704,31.1285424,"https://www.google.com/maps?q=29.9911704,31.1285424"
biz_atlas_1789784570085_6ispd,El Mastaba Lounge,مطاعم ومأكولات ومخابز,01000000000,نشاط شبحي ناقص تماماً (بلا هاتف وبلا صور حقيقية),29.9912786,31.1278235,"https://www.google.com/maps?q=29.9912786,31.1278235"
biz_atlas_1789784569761_pa1kh,Khabzino,مطاعم ومأكولات ومخابز,01000000000,نشاط شبحي ناقص تماماً (بلا هاتف وبلا صور حقيقية),29.9912003,31.1288445,"https://www.google.com/maps?q=29.9912003,31.1288445"
biz_atlas_1789784569466_as8w2,HARRIS CAFÉ at Le Méridien Pyramids,مطاعم ومأكولات ومخابز,01000000000,نشاط شبحي ناقص تماماً (بلا هاتف وبلا صور حقيقية),29.9887108,31.1301367,"https://www.google.com/maps?q=29.9887108,31.1301367"
biz_atlas_1789784569267_g42ev,sweet corner,مطاعم ومأكولات ومخابز,01000000000,نشاط شبحي ناقص تماماً (بلا هاتف وبلا صور حقيقية),29.9912339,31.1286496,"https://www.google.com/maps?q=29.9912339,31.1286496"
biz_atlas_1789784569055_0jdqw,Anhur Coffee,كافيهات ومقاهي ومشروبات,01000000000,نشاط شبحي ناقص تماماً (بلا هاتف وبلا صور حقيقية),29.9902362,31.116079,"https://www.google.com/maps?q=29.9902362,31.116079"
biz_atlas_1789784568828_4xnts,استكانة,كافيهات ومقاهي ومشروبات,01000000000,نشاط شبحي ناقص تماماً (بلا هاتف وبلا صور حقيقية),29.9889184,31.1155618,"https://www.google.com/maps?q=29.9889184,31.1155618"
biz_atlas_1789784568627_pr3bg,بيرو كافيه,كافيهات ومقاهي ومشروبات,01000000000,نشاط شبحي ناقص تماماً (بلا هاتف وبلا صور حقيقية),29.9889063,31.115678,"https://www.google.com/maps?q=29.9889063,31.115678"
biz_atlas_1789779609298_1x0tc,Pyramids Gardens Guest House - Single Room,نشاط تجاري وخدمي,01000000000,نشاط شبحي ناقص تماماً (بلا هاتف وبلا صور حقيقية),29.9906902,31.1286201,"https://www.google.com/maps?q=29.9906902,31.1286201"
biz_atlas_1789779609205_c1ow6,رضا شعبان,نشاط تجاري وخدمي,01000000000,نشاط شبحي ناقص تماماً (بلا هاتف وبلا صور حقيقية),29.9906757,31.1286328,"https://www.google.com/maps?q=29.9906757,31.1286328"
biz_atlas_1789779608728_jvvhl,Dr.mostafa Eltawdy,نشاط تجاري وخدمي,01000000000,نشاط شبحي ناقص تماماً (بلا هاتف وبلا صور حقيقية),29.9891757,31.1177953,"https://www.google.com/maps?q=29.9891757,31.1177953"
biz_atlas_1789779608637_4wkie,محل اهلا وسهلا للهدايا والعاب الاطفال,نشاط تجاري وخدمي,01000000000,نشاط شبحي ناقص تماماً (بلا هاتف وبلا صور حقيقية),29.9891757,31.1177953,"https://www.google.com/maps?q=29.9891757,31.1177953"
biz_atlas_1789779608544_ud0df,Dew,سوبرماركت ومحلات تجارة وتجزئة,01000000000,نشاط شبحي ناقص تماماً (بلا هاتف وبلا صور حقيقية),29.9891757,31.1177953,"https://www.google.com/maps?q=29.9891757,31.1177953"
biz_atlas_1789779608349_c0xli,سمارت لايت,سوبرماركت ومحلات تجارة وتجزئة,01000000000,نشاط شبحي ناقص تماماً (بلا هاتف وبلا صور حقيقية),29.9891757,31.1177953,"https://www.google.com/maps?q=29.9891757,31.1177953"
biz_atlas_1789779608256_ubkf4,توب كار لي كماليات سيارت,سوبرماركت ومحلات تجارة وتجزئة,01000000000,نشاط شبحي ناقص تماماً (بلا هاتف وبلا صور حقيقية),29.9891757,31.1177953,"https://www.google.com/maps?q=29.9891757,31.1177953"
biz_atlas_1789779608160_gtzzl,محل zoom مصطفى العليمى,نشاط تجاري وخدمي,01000000000,نشاط شبحي ناقص تماماً (بلا هاتف وبلا صور حقيقية),29.9891757,31.1177953,"https://www.google.com/maps?q=29.9891757,31.1177953"
biz_atlas_1789779607963_lfcss,معرض الهلالي,سوبرماركت ومحلات تجارة وتجزئة,01000000000,نشاط شبحي ناقص تماماً (بلا هاتف وبلا صور حقيقية),29.9891757,31.1177953,"https://www.google.com/maps?q=29.9891757,31.1177953"
biz_atlas_1789779607871_54853,Diamond dental clinic,عيادات ومراكز طبية وصيدليات,01000000000,نشاط شبحي ناقص تماماً (بلا هاتف وبلا صور حقيقية),29.9891757,31.1177953,"https://www.google.com/maps?q=29.9891757,31.1177953"
biz_atlas_1789779607776_rkslf,Gem conservation center,خدمات مهنية ومكاتب وعقارات,01000000000,نشاط شبحي ناقص تماماً (بلا هاتف وبلا صور حقيقية),29.989268,31.1178729,"https://www.google.com/maps?q=29.989268,31.1178729"
biz_atlas_1789779607275_hs5e8,المتحف بوابه ١,خدمات مهنية ومكاتب وعقارات,01000000000,نشاط شبحي ناقص تماماً (بلا هاتف وبلا صور حقيقية),29.9908773,31.1156969,"https://www.google.com/maps?q=29.9908773,31.1156969"
biz_atlas_1789779606982_tnigk,شركه الموافي ووهبه للهندسه والتوريدات,خدمات مهنية ومكاتب وعقارات,01000000000,نشاط شبحي ناقص تماماً (بلا هاتف وبلا صور حقيقية),29.9849808,31.11939,"https://www.google.com/maps?q=29.9849808,31.11939"
biz_atlas_1789779606889_hgkwc,Second home,نشاط تجاري وخدمي,01000000000,نشاط شبحي ناقص تماماً (بلا هاتف وبلا صور حقيقية),29.9859993,31.1189374,"https://www.google.com/maps?q=29.9859993,31.1189374"
biz_atlas_1789779606690_zdom7,Studio sameh gamal,نشاط تجاري وخدمي,01000000000,نشاط شبحي ناقص تماماً (بلا هاتف وبلا صور حقيقية),29.9851202,31.1191586,"https://www.google.com/maps?q=29.9851202,31.1191586"
biz_atlas_1789777500683_ak673,Gate 2 – MLS Campus,مدارس وحضانات ومراكز تعليمية,01000000000,نشاط شبحي ناقص تماماً (بلا هاتف وبلا صور حقيقية),29.9808347,31.1192143,"https://www.google.com/maps?q=29.9808347,31.1192143"
biz_atlas_1789777500344_p5ex7,Magda Mousa’s Stadium – MLS,نشاط تجاري وخدمي,01000000000,نشاط شبحي ناقص تماماً (بلا هاتف وبلا صور حقيقية),29.9792464,31.1178799,"https://www.google.com/maps?q=29.9792464,31.1178799"
biz_atlas_1789777500224_vnq6l,Kids Sports Courts – MLS,أندية وجيم وصالات رياضية,01000000000,نشاط شبحي ناقص تماماً (بلا هاتف وبلا صور حقيقية),29.9801512,31.119775,"https://www.google.com/maps?q=29.9801512,31.119775"
biz_atlas_1789777499988_s2cu5,School Canteen – MLS Campus,كافيهات ومقاهي ومشروبات,01000000000,نشاط شبحي ناقص تماماً (بلا هاتف وبلا صور حقيقية),29.9796312,31.1194723,"https://www.google.com/maps?q=29.9796312,31.1194723"
biz_atlas_1789777499483_flv66,Misr International School,مدارس وحضانات ومراكز تعليمية,01000000000,نشاط شبحي ناقص تماماً (بلا هاتف وبلا صور حقيقية),29.9803141,31.119126,"https://www.google.com/maps?q=29.9803141,31.119126"
biz_atlas_1789777499201_ldvfy,منافذ قطاع المركزية جهاز مستقبل مصر,خدمات مهنية ومكاتب وعقارات,01000000000,نشاط شبحي ناقص تماماً (بلا هاتف وبلا صور حقيقية),29.9794225,31.1163785,"https://www.google.com/maps?q=29.9794225,31.1163785"
biz_atlas_1789777499073_d2zb5,Blue Bus Al-Remaya,نشاط تجاري وخدمي,01000000000,نشاط شبحي ناقص تماماً (بلا هاتف وبلا صور حقيقية),29.9801594,31.1161314,"https://www.google.com/maps?q=29.9801594,31.1161314"
biz_atlas_1789777498958_am15p,Gate 3 – MLS Campus,مدارس وحضانات ومراكز تعليمية,01000000000,نشاط شبحي ناقص تماماً (بلا هاتف وبلا صور حقيقية),29.9804375,31.1182969,"https://www.google.com/maps?q=29.9804375,31.1182969"
biz_atlas_1789777498723_wf3uk,Main Gate 1 – MLS Campus,نشاط تجاري وخدمي,01000000000,نشاط شبحي ناقص تماماً (بلا هاتف وبلا صور حقيقية),29.9807125,31.1209844,"https://www.google.com/maps?q=29.9807125,31.1209844"
biz_atlas_1789777498220_fxkfx,GOLDEN MuBILE,سوبرماركت ومحلات تجارة وتجزئة,01000000000,نشاط شبحي ناقص تماماً (بلا هاتف وبلا صور حقيقية),29.9775997,31.1121121,"https://www.google.com/maps?q=29.9775997,31.1121121"
biz_atlas_1789777497857_iaimd,معرض الكينج,نشاط تجاري وخدمي,01000000000,نشاط شبحي ناقص تماماً (بلا هاتف وبلا صور حقيقية),29.977663,31.1122352,"https://www.google.com/maps?q=29.977663,31.1122352"
biz_atlas_1789777497750_40nfe,ز 278,نشاط تجاري وخدمي,01000000000,نشاط شبحي ناقص تماماً (بلا هاتف وبلا صور حقيقية),29.977663,31.1122352,"https://www.google.com/maps?q=29.977663,31.1122352"
biz_atlas_1789777497527_vguuv,مطعم جاردينيا للماكولات الشعبيه عماره 15ج,مطاعم ومأكولات ومخابز,01000000000,نشاط شبحي ناقص تماماً (بلا هاتف وبلا صور حقيقية),29.977663,31.1122352,"https://www.google.com/maps?q=29.977663,31.1122352"
biz_atlas_1789777497419_5tk52,مينيوس,سوبرماركت ومحلات تجارة وتجزئة,01000000000,نشاط شبحي ناقص تماماً (بلا هاتف وبلا صور حقيقية),29.977663,31.1122352,"https://www.google.com/maps?q=29.977663,31.1122352"
biz_atlas_1789777497315_dq5mj,Maket store,نشاط تجاري وخدمي,01000000000,نشاط شبحي ناقص تماماً (بلا هاتف وبلا صور حقيقية),29.977663,31.1122352,"https://www.google.com/maps?q=29.977663,31.1122352"
biz_atlas_1789777497204_nzuv8,"MEN,S LINE (مينزلاين)",سوبرماركت ومحلات تجارة وتجزئة,01000000000,نشاط شبحي ناقص تماماً (بلا هاتف وبلا صور حقيقية),29.977663,31.1122352,"https://www.google.com/maps?q=29.977663,31.1122352"
biz_atlas_1789777497079_6wbfk,شامي,مطاعم ومأكولات ومخابز,01000000000,نشاط شبحي ناقص تماماً (بلا هاتف وبلا صور حقيقية),29.9777088,31.1124261,"https://www.google.com/maps?q=29.9777088,31.1124261"
biz_atlas_1789777495312_yrfxz,بن شاهين,سوبرماركت ومحلات تجارة وتجزئة,01000000000,نشاط شبحي ناقص تماماً (بلا هاتف وبلا صور حقيقية),29.97163,31.1137544,"https://www.google.com/maps?q=29.97163,31.1137544"
biz_atlas_1789777495170_udak0,بيض آند لبن,سوبرماركت ومحلات تجارة وتجزئة,01000000000,نشاط شبحي ناقص تماماً (بلا هاتف وبلا صور حقيقية),29.97163,31.1137544,"https://www.google.com/maps?q=29.97163,31.1137544"
biz_atlas_1789777495057_3bgtp,لان,نشاط تجاري وخدمي,01000000000,نشاط شبحي ناقص تماماً (بلا هاتف وبلا صور حقيقية),29.97163,31.1137544,"https://www.google.com/maps?q=29.97163,31.1137544"
biz_atlas_1789777494965_ekmdp,مكتب: محمد إبراهيم الشيمي المحامي,خدمات مهنية ومكاتب وعقارات,01000000000,نشاط شبحي ناقص تماماً (بلا هاتف وبلا صور حقيقية),29.97163,31.1137544,"https://www.google.com/maps?q=29.97163,31.1137544"
biz_atlas_1789777494865_rwwqq,السبكي تاور,نشاط تجاري وخدمي,01000000000,نشاط شبحي ناقص تماماً (بلا هاتف وبلا صور حقيقية),29.97163,31.1137544,"https://www.google.com/maps?q=29.97163,31.1137544"
biz_atlas_1789777494781_h5kpw,Safari VIP. Pyramids,نشاط تجاري وخدمي,01000000000,نشاط شبحي ناقص تماماً (بلا هاتف وبلا صور حقيقية),29.97163,31.1137544,"https://www.google.com/maps?q=29.97163,31.1137544"
biz_atlas_1789777494695_hyck1,شركة الاهرام الحاج سنوسي عويان,نشاط تجاري وخدمي,01000000000,نشاط شبحي ناقص تماماً (بلا هاتف وبلا صور حقيقية),29.97163,31.1137544,"https://www.google.com/maps?q=29.97163,31.1137544"
biz_atlas_1789777494607_vdax5,اولاد رزق الميكانيكي,ورش وصيانة وخدمات حرفية,01000000000,نشاط شبحي ناقص تماماً (بلا هاتف وبلا صور حقيقية),29.97163,31.1137544,"https://www.google.com/maps?q=29.97163,31.1137544"
biz_atlas_1789777494264_tlpn2,المأذون الشرعي الرسمي دكتور وائل محمد الغلبوني,عيادات ومراكز طبية وصيدليات,01000000000,نشاط شبحي ناقص تماماً (بلا هاتف وبلا صور حقيقية),29.9716273,31.1137506,"https://www.google.com/maps?q=29.9716273,31.1137506"
biz_atlas_1789777467998_p4bet,School Canteen – MLS Campus,كافيهات ومقاهي ومشروبات,01000000000,نشاط شبحي ناقص تماماً (بلا هاتف وبلا صور حقيقية),29.9796312,31.1194723,"https://www.google.com/maps?q=29.9796312,31.1194723"
biz_atlas_1789777467892_yo66l,Misr International School,مدارس وحضانات ومراكز تعليمية,01000000000,نشاط شبحي ناقص تماماً (بلا هاتف وبلا صور حقيقية),29.9803141,31.119126,"https://www.google.com/maps?q=29.9803141,31.119126"
biz_atlas_1789777467789_2jld4,مكتب شئون ظباط الجيزة,خدمات مهنية ومكاتب وعقارات,01000000000,نشاط شبحي ناقص تماماً (بلا هاتف وبلا صور حقيقية),29.9799735,31.1153954,"https://www.google.com/maps?q=29.9799735,31.1153954"
biz_atlas_1789777467683_74z8g,Gate 3 – MLS Campus,مدارس وحضانات ومراكز تعليمية,01000000000,نشاط شبحي ناقص تماماً (بلا هاتف وبلا صور حقيقية),29.9804375,31.1182969,"https://www.google.com/maps?q=29.9804375,31.1182969"
biz_atlas_1789777467575_ir3fm,Arab African International Bank ATM,نشاط تجاري وخدمي,01000000000,نشاط شبحي ناقص تماماً (بلا هاتف وبلا صور حقيقية),29.9801786,31.1161523,"https://www.google.com/maps?q=29.9801786,31.1161523"
biz_atlas_1789777467463_msuk0,Blue Bus Al-Remaya,نشاط تجاري وخدمي,01000000000,نشاط شبحي ناقص تماماً (بلا هاتف وبلا صور حقيقية),29.9801594,31.1161314,"https://www.google.com/maps?q=29.9801594,31.1161314"
biz_atlas_1789777466653_zpcz4,منافذ قطاع المركزية جهاز مستقبل مصر,خدمات مهنية ومكاتب وعقارات,01000000000,نشاط شبحي ناقص تماماً (بلا هاتف وبلا صور حقيقية),29.9794225,31.1163785,"https://www.google.com/maps?q=29.9794225,31.1163785"
biz_atlas_1789777466514_k88y5,Magda Mousa’s Stadium – MLS,نشاط تجاري وخدمي,01000000000,نشاط شبحي ناقص تماماً (بلا هاتف وبلا صور حقيقية),29.9792464,31.1178799,"https://www.google.com/maps?q=29.9792464,31.1178799"
biz_atlas_1789777464733_ij2bq,مكتبة سكوير,سوبرماركت ومحلات تجارة وتجزئة,01000000000,نشاط شبحي ناقص تماماً (بلا هاتف وبلا صور حقيقية),29.979136,31.10997,"https://www.google.com/maps?q=29.979136,31.10997"
biz_atlas_1789777464146_5t1nm,شركه الحمد للمقاولات,خدمات مهنية ومكاتب وعقارات,01000000000,نشاط شبحي ناقص تماماً (بلا هاتف وبلا صور حقيقية),29.979325,31.1097467,"https://www.google.com/maps?q=29.979325,31.1097467"
biz_atlas_1789777463458_9jlid,Nada hdaaay2,نشاط تجاري وخدمي,01000000000,نشاط شبحي ناقص تماماً (بلا هاتف وبلا صور حقيقية),29.9838982,31.1051526,"https://www.google.com/maps?q=29.9838982,31.1051526"
biz_atlas_1789777463305_4tm1p,بن شاهين,سوبرماركت ومحلات تجارة وتجزئة,01000000000,نشاط شبحي ناقص تماماً (بلا هاتف وبلا صور حقيقية),29.97163,31.1137544,"https://www.google.com/maps?q=29.97163,31.1137544"
biz_atlas_1789777463096_46nlt,بيض آند لبن,سوبرماركت ومحلات تجارة وتجزئة,01000000000,نشاط شبحي ناقص تماماً (بلا هاتف وبلا صور حقيقية),29.97163,31.1137544,"https://www.google.com/maps?q=29.97163,31.1137544"
biz_atlas_1789777462998_bcfka,لان,نشاط تجاري وخدمي,01000000000,نشاط شبحي ناقص تماماً (بلا هاتف وبلا صور حقيقية),29.97163,31.1137544,"https://www.google.com/maps?q=29.97163,31.1137544"
biz_atlas_1789777462892_j8bdh,مكتب: محمد إبراهيم الشيمي المحامي,خدمات مهنية ومكاتب وعقارات,01000000000,نشاط شبحي ناقص تماماً (بلا هاتف وبلا صور حقيقية),29.97163,31.1137544,"https://www.google.com/maps?q=29.97163,31.1137544"
biz_atlas_1789777462707_zgt9q,السبكي تاور,نشاط تجاري وخدمي,01000000000,نشاط شبحي ناقص تماماً (بلا هاتف وبلا صور حقيقية),29.97163,31.1137544,"https://www.google.com/maps?q=29.97163,31.1137544"
biz_atlas_1789777462613_rtu7j,Safari VIP. Pyramids,نشاط تجاري وخدمي,01000000000,نشاط شبحي ناقص تماماً (بلا هاتف وبلا صور حقيقية),29.97163,31.1137544,"https://www.google.com/maps?q=29.97163,31.1137544"
biz_atlas_1789777462517_w9cfu,شركة الاهرام الحاج سنوسي عويان,نشاط تجاري وخدمي,01000000000,نشاط شبحي ناقص تماماً (بلا هاتف وبلا صور حقيقية),29.97163,31.1137544,"https://www.google.com/maps?q=29.97163,31.1137544"
biz_atlas_1789777462417_j1jrg,اولاد رزق الميكانيكي,ورش وصيانة وخدمات حرفية,01000000000,نشاط شبحي ناقص تماماً (بلا هاتف وبلا صور حقيقية),29.97163,31.1137544,"https://www.google.com/maps?q=29.97163,31.1137544"
biz_atlas_1789777460548_8kztu,Lava Chem,خدمات مهنية ومكاتب وعقارات,01000000000,نشاط شبحي ناقص تماماً (بلا هاتف وبلا صور حقيقية),29.9713837,31.1084581,"https://www.google.com/maps?q=29.9713837,31.1084581"
biz_atlas_1789777460464_ckxae,Samoul home,نشاط تجاري وخدمي,01000000000,نشاط شبحي ناقص تماماً (بلا هاتف وبلا صور حقيقية),29.9713837,31.1084581,"https://www.google.com/maps?q=29.9713837,31.1084581"
biz_atlas_1789777460379_ctyzt,Evolve Law Firm,نشاط تجاري وخدمي,01000000000,نشاط شبحي ناقص تماماً (بلا هاتف وبلا صور حقيقية),29.971683,31.108412,"https://www.google.com/maps?q=29.971683,31.108412"
biz_atlas_1789777459732_g3kua,سكني,نشاط تجاري وخدمي,01000000000,نشاط شبحي ناقص تماماً (بلا هاتف وبلا صور حقيقية),29.9717636,31.1085415,"https://www.google.com/maps?q=29.9717636,31.1085415"
biz_atlas_1789777433769_xfnot,شركة فاروس لأعمال التشطيبات والتسويق والاستثمار العقاري,نشاط تجاري وخدمي,01000000000,نشاط شبحي ناقص تماماً (بلا هاتف وبلا صور حقيقية),29.9809662,31.1097537,"https://www.google.com/maps?q=29.9809662,31.1097537"
biz_atlas_1789777433044_dzeti,مجوهرات نظمي هيبه,سوبرماركت ومحلات تجارة وتجزئة,01000000000,نشاط شبحي ناقص تماماً (بلا هاتف وبلا صور حقيقية),29.979777,31.1103037,"https://www.google.com/maps?q=29.979777,31.1103037"
biz_atlas_1789777431878_85nnj,Tikalert,خدمات مهنية ومكاتب وعقارات,01000000000,نشاط شبحي ناقص تماماً (بلا هاتف وبلا صور حقيقية),29.9805417,31.1097348,"https://www.google.com/maps?q=29.9805417,31.1097348"
biz_atlas_1789777431730_e9slj,الإخلاص للخضروات والفاكهة,سوبرماركت ومحلات تجارة وتجزئة,01000000000,نشاط شبحي ناقص تماماً (بلا هاتف وبلا صور حقيقية),29.9810319,31.110059,"https://www.google.com/maps?q=29.9810319,31.110059"
biz_atlas_1789777431219_6ucc0,عيادة دكتور أحمد عبد الصمد,عيادات ومراكز طبية وصيدليات,01000000000,نشاط شبحي ناقص تماماً (بلا هاتف وبلا صور حقيقية),29.9801933,31.1098782,"https://www.google.com/maps?q=29.9801933,31.1098782"
biz_atlas_1789777431104_8aa6t,WORLD GATE CAIRO,نشاط تجاري وخدمي,01000000000,نشاط شبحي ناقص تماماً (بلا هاتف وبلا صور حقيقية),29.9804543,31.1097875,"https://www.google.com/maps?q=29.9804543,31.1097875"
biz_atlas_1789777430851_l9pud,International Group,خدمات مهنية ومكاتب وعقارات,01000000000,نشاط شبحي ناقص تماماً (بلا هاتف وبلا صور حقيقية),29.9801392,31.1101105,"https://www.google.com/maps?q=29.9801392,31.1101105"
biz_atlas_1789777429727_w5j8o,مساحات خضراء - بيئية,نشاط تجاري وخدمي,01000000000,نشاط شبحي ناقص تماماً (بلا هاتف وبلا صور حقيقية),29.9810185,31.1035093,"https://www.google.com/maps?q=29.9810185,31.1035093"
biz_atlas_1789777428832_g4xjl,Dubai Brands,سوبرماركت ومحلات تجارة وتجزئة,01000000000,نشاط شبحي ناقص تماماً (بلا هاتف وبلا صور حقيقية),29.9803778,31.1032259,"https://www.google.com/maps?q=29.9803778,31.1032259"
biz_atlas_1789777427809_uofpt,Nada hdaaay2,نشاط تجاري وخدمي,01000000000,نشاط شبحي ناقص تماماً (بلا هاتف وبلا صور حقيقية),29.9838982,31.1051526,"https://www.google.com/maps?q=29.9838982,31.1051526"
biz_atlas_1789777426274_jkm0q,شركة الوادي,نشاط تجاري وخدمي,01000000000,نشاط شبحي ناقص تماماً (بلا هاتف وبلا صور حقيقية),29.9744876,31.1091212,"https://www.google.com/maps?q=29.9744876,31.1091212"
biz_atlas_1789777425974_yfqr9,private rooftop with hot jacuzzi and pyramids view,نشاط تجاري وخدمي,01000000000,نشاط شبحي ناقص تماماً (بلا هاتف وبلا صور حقيقية),29.9730053,31.1088524,"https://www.google.com/maps?q=29.9730053,31.1088524"
biz_atlas_1789777425574_fde70,Amazing view with hot jacuzzi and private rooftop,نشاط تجاري وخدمي,01000000000,نشاط شبحي ناقص تماماً (بلا هاتف وبلا صور حقيقية),29.9729309,31.1089401,"https://www.google.com/maps?q=29.9729309,31.1089401"
biz_atlas_1789777425182_ofvk9,Villa Megoo,خدمات مهنية ومكاتب وعقارات,01000000000,نشاط شبحي ناقص تماماً (بلا هاتف وبلا صور حقيقية),29.9735102,31.1091379,"https://www.google.com/maps?q=29.9735102,31.1091379"
biz_atlas_1789777423755_stj7d,دار مسنين الفردوس,عيادات ومراكز طبية وصيدليات,01000000000,نشاط شبحي ناقص تماماً (بلا هاتف وبلا صور حقيقية),29.97258,31.104277,"https://www.google.com/maps?q=29.97258,31.104277"
biz_atlas_1789777423592_sy17b,دار الفردوس,عيادات ومراكز طبية وصيدليات,01000000000,نشاط شبحي ناقص تماماً (بلا هاتف وبلا صور حقيقية),29.97258,31.104277,"https://www.google.com/maps?q=29.97258,31.104277"
biz_atlas_1789777371860_l7u40,Trickaya Warehouse,سوبرماركت ومحلات تجارة وتجزئة,01000000000,نشاط شبحي ناقص تماماً (بلا هاتف وبلا صور حقيقية),29.9825698,31.1135534,"https://www.google.com/maps?q=29.9825698,31.1135534"
biz_atlas_1789777371730_437wn,موقف باص هضبة الهرم,نشاط تجاري وخدمي,01000000000,نشاط شبحي ناقص تماماً (بلا هاتف وبلا صور حقيقية),29.9809408,31.1126257,"https://www.google.com/maps?q=29.9809408,31.1126257"
biz_atlas_1789777370741_kash8,حلويات حلب الشهباء,مطاعم ومأكولات ومخابز,01000000000,نشاط شبحي ناقص تماماً (بلا هاتف وبلا صور حقيقية),29.9812043,31.1060258,"https://www.google.com/maps?q=29.9812043,31.1060258"
biz_atlas_1789777370471_0sbbd,فيفو,سوبرماركت ومحلات تجارة وتجزئة,01000000000,نشاط شبحي ناقص تماماً (بلا هاتف وبلا صور حقيقية),29.981419,31.106087,"https://www.google.com/maps?q=29.981419,31.106087"
biz_atlas_1789777370316_lhpwa,M&H Coiffure,صالونات ومراكز تجميل وعناية,01000000000,نشاط شبحي ناقص تماماً (بلا هاتف وبلا صور حقيقية),29.9815487,31.1060072,"https://www.google.com/maps?q=29.9815487,31.1060072"
biz_atlas_1789777369201_wog66,Nada hdaaay2,نشاط تجاري وخدمي,01000000000,نشاط شبحي ناقص تماماً (بلا هاتف وبلا صور حقيقية),29.9838982,31.1051526,"https://www.google.com/maps?q=29.9838982,31.1051526"
biz_atlas_1789777369080_0o9vx,Safari VIP. Pyramids,نشاط تجاري وخدمي,01000000000,نشاط شبحي ناقص تماماً (بلا هاتف وبلا صور حقيقية),29.97163,31.1137544,"https://www.google.com/maps?q=29.97163,31.1137544"
biz_atlas_1789777368984_8plo9,شركة الاهرام الحاج سنوسي عويان,نشاط تجاري وخدمي,01000000000,نشاط شبحي ناقص تماماً (بلا هاتف وبلا صور حقيقية),29.97163,31.1137544,"https://www.google.com/maps?q=29.97163,31.1137544"
biz_atlas_1789777368885_l6g4p,اولاد رزق الميكانيكي,ورش وصيانة وخدمات حرفية,01000000000,نشاط شبحي ناقص تماماً (بلا هاتف وبلا صور حقيقية),29.97163,31.1137544,"https://www.google.com/maps?q=29.97163,31.1137544"
biz_atlas_1789777368340_vqfgy,New Happy Baby Nursery,مدارس وحضانات ومراكز تعليمية,01000000000,نشاط شبحي ناقص تماماً (بلا هاتف وبلا صور حقيقية),29.9762118,31.1108531,"https://www.google.com/maps?q=29.9762118,31.1108531"
biz_atlas_1789777368108_sdktw,عبد الرحمن احمد,مطاعم ومأكولات ومخابز,01000000000,نشاط شبحي ناقص تماماً (بلا هاتف وبلا صور حقيقية),29.972997,31.1128803,"https://www.google.com/maps?q=29.972997,31.1128803"
biz_atlas_1789777367122_dypmc,معامل رويال لاب Royal Lab,عيادات ومراكز طبية وصيدليات,01000000000,نشاط شبحي ناقص تماماً (بلا هاتف وبلا صور حقيقية),29.9775802,31.1119513,"https://www.google.com/maps?q=29.9775802,31.1119513"
biz_atlas_1789777366901_boh5a,ناني لايجار فساتين السهرة و التجميل,سوبرماركت ومحلات تجارة وتجزئة,01000000000,نشاط شبحي ناقص تماماً (بلا هاتف وبلا صور حقيقية),29.9741849,31.1064109,"https://www.google.com/maps?q=29.9741849,31.1064109"
biz_atlas_1789777366801_gjlbd,Home 121,نشاط تجاري وخدمي,01000000000,نشاط شبحي ناقص تماماً (بلا هاتف وبلا صور حقيقية),29.9750582,31.105401,"https://www.google.com/maps?q=29.9750582,31.105401"
biz_atlas_1789777366209_55dxq,162D-Hayat pyramids,نشاط تجاري وخدمي,01000000000,نشاط شبحي ناقص تماماً (بلا هاتف وبلا صور حقيقية),29.9748707,31.1054802,"https://www.google.com/maps?q=29.9748707,31.1054802"
biz_atlas_1789777365929_e3omq,GROVE STREET,مدارس وحضانات ومراكز تعليمية,01000000000,نشاط شبحي ناقص تماماً (بلا هاتف وبلا صور حقيقية),29.9745476,31.1060919,"https://www.google.com/maps?q=29.9745476,31.1060919"
biz_atlas_1789777365098_3id7p,حضانة cute kids,مدارس وحضانات ومراكز تعليمية,01000000000,نشاط شبحي ناقص تماماً (بلا هاتف وبلا صور حقيقية),29.9775332,31.1044604,"https://www.google.com/maps?q=29.9775332,31.1044604"
biz_atlas_1789777364515_zr2yw,Asghar Child Academy,مدارس وحضانات ومراكز تعليمية,01000000000,نشاط شبحي ناقص تماماً (بلا هاتف وبلا صور حقيقية),29.9720264,31.1026626,"https://www.google.com/maps?q=29.9720264,31.1026626"
biz_atlas_1789777275896_fzdy0,Trickaya Warehouse,سوبرماركت ومحلات تجارة وتجزئة,01000000000,نشاط شبحي ناقص تماماً (بلا هاتف وبلا صور حقيقية),29.9825698,31.1135534,"https://www.google.com/maps?q=29.9825698,31.1135534"
biz_atlas_1789777275733_oh13m,موقف باص هضبة الهرم,نشاط تجاري وخدمي,01000000000,نشاط شبحي ناقص تماماً (بلا هاتف وبلا صور حقيقية),29.9809408,31.1126257,"https://www.google.com/maps?q=29.9809408,31.1126257"
biz_atlas_1789777274756_ewqvf,حلويات حلب الشهباء,مطاعم ومأكولات ومخابز,01000000000,نشاط شبحي ناقص تماماً (بلا هاتف وبلا صور حقيقية),29.9812043,31.1060258,"https://www.google.com/maps?q=29.9812043,31.1060258"
biz_atlas_1789777274214_4oli4,فيفو,سوبرماركت ومحلات تجارة وتجزئة,01000000000,نشاط شبحي ناقص تماماً (بلا هاتف وبلا صور حقيقية),29.981419,31.106087,"https://www.google.com/maps?q=29.981419,31.106087"
biz_atlas_1789777273661_bu8tb,M&H Coiffure,صالونات ومراكز تجميل وعناية,01000000000,نشاط شبحي ناقص تماماً (بلا هاتف وبلا صور حقيقية),29.9815487,31.1060072,"https://www.google.com/maps?q=29.9815487,31.1060072"
biz_atlas_1789777273033_k72g7,Nada hdaaay2,نشاط تجاري وخدمي,01000000000,نشاط شبحي ناقص تماماً (بلا هاتف وبلا صور حقيقية),29.9838982,31.1051526,"https://www.google.com/maps?q=29.9838982,31.1051526"
biz_atlas_1789777272792_cjfup,Safari VIP. Pyramids,نشاط تجاري وخدمي,01000000000,نشاط شبحي ناقص تماماً (بلا هاتف وبلا صور حقيقية),29.97163,31.1137544,"https://www.google.com/maps?q=29.97163,31.1137544"
biz_atlas_1789777272702_i81n5,شركة الاهرام الحاج سنوسي عويان,نشاط تجاري وخدمي,01000000000,نشاط شبحي ناقص تماماً (بلا هاتف وبلا صور حقيقية),29.97163,31.1137544,"https://www.google.com/maps?q=29.97163,31.1137544"
biz_atlas_1789777272610_owxp6,اولاد رزق الميكانيكي,ورش وصيانة وخدمات حرفية,01000000000,نشاط شبحي ناقص تماماً (بلا هاتف وبلا صور حقيقية),29.97163,31.1137544,"https://www.google.com/maps?q=29.97163,31.1137544"
biz_atlas_1789777271838_8236r,New Happy Baby Nursery,مدارس وحضانات ومراكز تعليمية,01000000000,نشاط شبحي ناقص تماماً (بلا هاتف وبلا صور حقيقية),29.9762118,31.1108531,"https://www.google.com/maps?q=29.9762118,31.1108531"
biz_atlas_1789777271676_hnhr8,عبد الرحمن احمد,مطاعم ومأكولات ومخابز,01000000000,نشاط شبحي ناقص تماماً (بلا هاتف وبلا صور حقيقية),29.972997,31.1128803,"https://www.google.com/maps?q=29.972997,31.1128803"
biz_atlas_1789777271190_xg480,معامل رويال لاب Royal Lab,عيادات ومراكز طبية وصيدليات,01000000000,نشاط شبحي ناقص تماماً (بلا هاتف وبلا صور حقيقية),29.9775802,31.1119513,"https://www.google.com/maps?q=29.9775802,31.1119513"
biz_atlas_1789777270570_tu2h2,حضانة cute kids,مدارس وحضانات ومراكز تعليمية,01000000000,نشاط شبحي ناقص تماماً (بلا هاتف وبلا صور حقيقية),29.9775332,31.1044604,"https://www.google.com/maps?q=29.9775332,31.1044604"
biz_atlas_1789777270307_mcpd8,Asghar Child Academy,مدارس وحضانات ومراكز تعليمية,01000000000,نشاط شبحي ناقص تماماً (بلا هاتف وبلا صور حقيقية),29.9720264,31.1026626,"https://www.google.com/maps?q=29.9720264,31.1026626"
biz_atlas_1789777234354_du8x9,مدينة الرماية بجوار المتحف المصري,نشاط تجاري وخدمي,01000000000,نشاط شبحي ناقص تماماً (بلا هاتف وبلا صور حقيقية),29.9837475,31.1179486,"https://www.google.com/maps?q=29.9837475,31.1179486"
biz_atlas_1789777234152_ze213,The stylist H,نشاط تجاري وخدمي,01000000000,نشاط شبحي ناقص تماماً (بلا هاتف وبلا صور حقيقية),29.983425,31.11586,"https://www.google.com/maps?q=29.983425,31.11586"
biz_atlas_1789777232917_9roth,محل دهب للعطور ومستلزمات الشيله,سوبرماركت ومحلات تجارة وتجزئة,01000000000,نشاط شبحي ناقص تماماً (بلا هاتف وبلا صور حقيقية),29.984197,31.1084759,"https://www.google.com/maps?q=29.984197,31.1084759"
biz_atlas_1789777232742_ofr09,كلاود بلبن حدائق الاهرام,مطاعم ومأكولات ومخابز,01000000000,نشاط شبحي ناقص تماماً (بلا هاتف وبلا صور حقيقية),29.9844665,31.1083202,"https://www.google.com/maps?q=29.9844665,31.1083202"
biz_atlas_1789777232335_bxyxi,دهب للعطور ومستلزمات الشيله,سوبرماركت ومحلات تجارة وتجزئة,01000000000,نشاط شبحي ناقص تماماً (بلا هاتف وبلا صور حقيقية),29.9842264,31.1085442,"https://www.google.com/maps?q=29.9842264,31.1085442"
biz_atlas_1789777231631_po1xz,Nada hdaaay2,نشاط تجاري وخدمي,01000000000,نشاط شبحي ناقص تماماً (بلا هاتف وبلا صور حقيقية),29.9838982,31.1051526,"https://www.google.com/maps?q=29.9838982,31.1051526"
biz_atlas_1789777231541_x5f3w,شامي,مطاعم ومأكولات ومخابز,01000000000,نشاط شبحي ناقص تماماً (بلا هاتف وبلا صور حقيقية),29.9777088,31.1124261,"https://www.google.com/maps?q=29.9777088,31.1124261"
biz_atlas_1789777231100_hlzcm,Arab African International Bank ATM,نشاط تجاري وخدمي,01000000000,نشاط شبحي ناقص تماماً (بلا هاتف وبلا صور حقيقية),29.9801786,31.1161523,"https://www.google.com/maps?q=29.9801786,31.1161523"
biz_atlas_1789777231023_rk6gw,Blue Bus Al-Remaya,نشاط تجاري وخدمي,01000000000,نشاط شبحي ناقص تماماً (بلا هاتف وبلا صور حقيقية),29.9801594,31.1161314,"https://www.google.com/maps?q=29.9801594,31.1161314"
biz_atlas_1789777230948_1eb7h,مكتب شئون ظباط الجيزة,خدمات مهنية ومكاتب وعقارات,01000000000,نشاط شبحي ناقص تماماً (بلا هاتف وبلا صور حقيقية),29.9799735,31.1153954,"https://www.google.com/maps?q=29.9799735,31.1153954"
biz_atlas_1789777230871_3n3mo,Magda Mousa’s Stadium – MLS,نشاط تجاري وخدمي,01000000000,نشاط شبحي ناقص تماماً (بلا هاتف وبلا صور حقيقية),29.9792464,31.1178799,"https://www.google.com/maps?q=29.9792464,31.1178799"
biz_atlas_1789777230720_6jeuk,سلم تجنيد الجيزه,نشاط تجاري وخدمي,01000000000,نشاط شبحي ناقص تماماً (بلا هاتف وبلا صور حقيقية),29.978101,31.1138267,"https://www.google.com/maps?q=29.978101,31.1138267"
biz_atlas_1789777230619_n8soa,محطة ركاب,نشاط تجاري وخدمي,01000000000,نشاط شبحي ناقص تماماً (بلا هاتف وبلا صور حقيقية),29.9783647,31.1141523,"https://www.google.com/maps?q=29.9783647,31.1141523"
biz_atlas_1789777230532_ut90n,منافذ قطاع المركزية جهاز مستقبل مصر,خدمات مهنية ومكاتب وعقارات,01000000000,نشاط شبحي ناقص تماماً (بلا هاتف وبلا صور حقيقية),29.9794225,31.1163785,"https://www.google.com/maps?q=29.9794225,31.1163785"
biz_atlas_1789777230140_suk1f,معامل رويال لاب Royal Lab,عيادات ومراكز طبية وصيدليات,01000000000,نشاط شبحي ناقص تماماً (بلا هاتف وبلا صور حقيقية),29.9775802,31.1119513,"https://www.google.com/maps?q=29.9775802,31.1119513"
biz_atlas_1789777229591_y40zd,Pyramids Roof & Private Studio,نشاط تجاري وخدمي,01000000000,نشاط شبحي ناقص تماماً (بلا هاتف وبلا صور حقيقية),29.9773846,31.1089515,"https://www.google.com/maps?q=29.9773846,31.1089515"
biz_atlas_1789777229359_z54p8,محل بدل رجالي,سوبرماركت ومحلات تجارة وتجزئة,01000000000,نشاط شبحي ناقص تماماً (بلا هاتف وبلا صور حقيقية),29.9773186,31.1087909,"https://www.google.com/maps?q=29.9773186,31.1087909"
biz_atlas_1789777229210_dh908,The Pink Shop,سوبرماركت ومحلات تجارة وتجزئة,01000000000,نشاط شبحي ناقص تماماً (بلا هاتف وبلا صور حقيقية),29.9773543,31.1088083,"https://www.google.com/maps?q=29.9773543,31.1088083"
biz_atlas_1789777228598_ryrlt,مطعم ارض السمر للمأكولات السودانية والمصرية والشرقية,مطاعم ومأكولات ومخابز,01000000000,نشاط شبحي ناقص تماماً (بلا هاتف وبلا صور حقيقية),29.9774229,31.1088402,"https://www.google.com/maps?q=29.9774229,31.1088402"
biz_atlas_1789777228069_yptmu,حضانة cute kids,مدارس وحضانات ومراكز تعليمية,01000000000,نشاط شبحي ناقص تماماً (بلا هاتف وبلا صور حقيقية),29.9775332,31.1044604,"https://www.google.com/maps?q=29.9775332,31.1044604"
biz_atlas_1789777202420_sjmzl,Body waleed,نشاط تجاري وخدمي,01000000000,نشاط شبحي ناقص تماماً (بلا هاتف وبلا صور حقيقية),29.9857121,31.1213355,"https://www.google.com/maps?q=29.9857121,31.1213355"
biz_atlas_1789777202230_mralc,Mensh’s st,نشاط تجاري وخدمي,01000000000,نشاط شبحي ناقص تماماً (بلا هاتف وبلا صور حقيقية),29.9874922,31.1198859,"https://www.google.com/maps?q=29.9874922,31.1198859"
biz_atlas_1789777202126_ooksx,١٩٧ رماية,نشاط تجاري وخدمي,01000000000,نشاط شبحي ناقص تماماً (بلا هاتف وبلا صور حقيقية),29.986434,31.1193172,"https://www.google.com/maps?q=29.986434,31.1193172"
biz_atlas_1789777202027_qgjlt,Cayan law office,نشاط تجاري وخدمي,01000000000,نشاط شبحي ناقص تماماً (بلا هاتف وبلا صور حقيقية),29.9872001,31.1202184,"https://www.google.com/maps?q=29.9872001,31.1202184"
biz_atlas_1789777201926_t40k9,حورس,نشاط تجاري وخدمي,01000000000,نشاط شبحي ناقص تماماً (بلا هاتف وبلا صور حقيقية),29.986147,31.120554,"https://www.google.com/maps?q=29.986147,31.120554"
biz_atlas_1789777201126_jx13l,حضانة مودي هوم,مدارس وحضانات ومراكز تعليمية,01000000000,نشاط شبحي ناقص تماماً (بلا هاتف وبلا صور حقيقية),29.9853639,31.1124685,"https://www.google.com/maps?q=29.9853639,31.1124685"
biz_atlas_1789777200557_bwvh1,فلاور Flower,سوبرماركت ومحلات تجارة وتجزئة,01000000000,نشاط شبحي ناقص تماماً (بلا هاتف وبلا صور حقيقية),29.9864892,31.1135096,"https://www.google.com/maps?q=29.9864892,31.1135096"
biz_atlas_1789777200460_o141p,Flower للمنظفات,نشاط تجاري وخدمي,01000000000,نشاط شبحي ناقص تماماً (بلا هاتف وبلا صور حقيقية),29.9866875,31.1133906,"https://www.google.com/maps?q=29.9866875,31.1133906"
biz_atlas_1789777200361_0jnzs,سوبر ماركت الحمد,سوبرماركت ومحلات تجارة وتجزئة,01000000000,نشاط شبحي ناقص تماماً (بلا هاتف وبلا صور حقيقية),29.9866856,31.1133769,"https://www.google.com/maps?q=29.9866856,31.1133769"
biz_atlas_1789777199711_7axbq,الجمعية النسائية لتحسين الصحة,عيادات ومراكز طبية وصيدليات,01000000000,نشاط شبحي ناقص تماماً (بلا هاتف وبلا صور حقيقية),29.9818059,31.1224526,"https://www.google.com/maps?q=29.9818059,31.1224526"
biz_atlas_1789777199448_g1ggl,كشك ليلة القدر,سوبرماركت ومحلات تجارة وتجزئة,01000000000,نشاط شبحي ناقص تماماً (بلا هاتف وبلا صور حقيقية),29.9812877,31.1182842,"https://www.google.com/maps?q=29.9812877,31.1182842"
biz_atlas_1789777199278_mkq3k,Magda Mousa’s Stadium – MLS,نشاط تجاري وخدمي,01000000000,نشاط شبحي ناقص تماماً (بلا هاتف وبلا صور حقيقية),29.9792464,31.1178799,"https://www.google.com/maps?q=29.9792464,31.1178799"
biz_atlas_1789777199197_4nmkx,Gate 2 – MLS Campus,مدارس وحضانات ومراكز تعليمية,01000000000,نشاط شبحي ناقص تماماً (بلا هاتف وبلا صور حقيقية),29.9808347,31.1192143,"https://www.google.com/maps?q=29.9808347,31.1192143"
biz_atlas_1789777199102_i35si,Misr International School,مدارس وحضانات ومراكز تعليمية,01000000000,نشاط شبحي ناقص تماماً (بلا هاتف وبلا صور حقيقية),29.9803141,31.119126,"https://www.google.com/maps?q=29.9803141,31.119126"
biz_atlas_1789777198926_mn93w,Kids Sports Courts – MLS,أندية وجيم وصالات رياضية,01000000000,نشاط شبحي ناقص تماماً (بلا هاتف وبلا صور حقيقية),29.9801512,31.119775,"https://www.google.com/maps?q=29.9801512,31.119775"
biz_atlas_1789777198842_evo2h,School Canteen – MLS Campus,كافيهات ومقاهي ومشروبات,01000000000,نشاط شبحي ناقص تماماً (بلا هاتف وبلا صور حقيقية),29.9796312,31.1194723,"https://www.google.com/maps?q=29.9796312,31.1194723"
biz_atlas_1789777198667_wn74x,Gate 3 – MLS Campus,مدارس وحضانات ومراكز تعليمية,01000000000,نشاط شبحي ناقص تماماً (بلا هاتف وبلا صور حقيقية),29.9804375,31.1182969,"https://www.google.com/maps?q=29.9804375,31.1182969"
biz_atlas_1789777198583_k7lgg,Blue Bus Al-Remaya,نشاط تجاري وخدمي,01000000000,نشاط شبحي ناقص تماماً (بلا هاتف وبلا صور حقيقية),29.9801594,31.1161314,"https://www.google.com/maps?q=29.9801594,31.1161314"
biz_atlas_1789777198391_uxozn,Main Gate 1 – MLS Campus,نشاط تجاري وخدمي,01000000000,نشاط شبحي ناقص تماماً (بلا هاتف وبلا صور حقيقية),29.9807125,31.1209844,"https://www.google.com/maps?q=29.9807125,31.1209844"
biz_atlas_1789777198308_4n21b,البوابة الثانية لمدينة ضباط الرماية,نشاط تجاري وخدمي,01000000000,نشاط شبحي ناقص تماماً (بلا هاتف وبلا صور حقيقية),29.9826434,31.1208984,"https://www.google.com/maps?q=29.9826434,31.1208984"
biz_atlas_1789777197762_uttgd,محطة ركاب,نشاط تجاري وخدمي,01000000000,نشاط شبحي ناقص تماماً (بلا هاتف وبلا صور حقيقية),29.9783647,31.1141523,"https://www.google.com/maps?q=29.9783647,31.1141523"
biz_atlas_1789777197004_j9yd8,موقف باص هضبة الهرم,نشاط تجاري وخدمي,01000000000,نشاط شبحي ناقص تماماً (بلا هاتف وبلا صور حقيقية),29.9809408,31.1126257,"https://www.google.com/maps?q=29.9809408,31.1126257"
biz_atlas_1789777196890_610kd,Giza pyramids besaid big museum and more service amazing location in Cairo besides all things,نشاط تجاري وخدمي,01000000000,نشاط شبحي ناقص تماماً (بلا هاتف وبلا صور حقيقية),29.978426,31.1119022,"https://www.google.com/maps?q=29.978426,31.1119022"
biz_atlas_1789777196789_800jf,عبدالوهاب كهرباء وكمرات مرقبه,ورش وصيانة وخدمات حرفية,01000000000,نشاط شبحي ناقص تماماً (بلا هاتف وبلا صور حقيقية),29.9788239,31.1117276,"https://www.google.com/maps?q=29.9788239,31.1117276"
biz_atlas_1789777196709_1g34x,محطه محولات هضبه الاهرام 1,نشاط تجاري وخدمي,01000000000,نشاط شبحي ناقص تماماً (بلا هاتف وبلا صور حقيقية),29.9798646,31.1122341,"https://www.google.com/maps?q=29.9798646,31.1122341"
biz_atlas_1789777159097_c12h4,Body waleed,نشاط تجاري وخدمي,01000000000,نشاط شبحي ناقص تماماً (بلا هاتف وبلا صور حقيقية),29.9857121,31.1213355,"https://www.google.com/maps?q=29.9857121,31.1213355"
biz_atlas_1789777158950_e8mdr,First Row to Pyramids Studio,نشاط تجاري وخدمي,01000000000,نشاط شبحي ناقص تماماً (بلا هاتف وبلا صور حقيقية),29.988741,31.1257629,"https://www.google.com/maps?q=29.988741,31.1257629"
biz_atlas_1789777158570_oeqmz,Bet Tifa,نشاط تجاري وخدمي,01000000000,نشاط شبحي ناقص تماماً (بلا هاتف وبلا صور حقيقية),29.9853084,31.1206261,"https://www.google.com/maps?q=29.9853084,31.1206261"
biz_atlas_1789777157485_ybyo7,ستايل للتكييف و التبريد,ورش وصيانة وخدمات حرفية,01000000000,نشاط شبحي ناقص تماماً (بلا هاتف وبلا صور حقيقية),29.9874584,31.1162632,"https://www.google.com/maps?q=29.9874584,31.1162632"
biz_atlas_1789777157203_14u2w,سوبر ماركت المدينة المنورة,سوبرماركت ومحلات تجارة وتجزئة,01000000000,نشاط شبحي ناقص تماماً (بلا هاتف وبلا صور حقيقية),29.9874584,31.1162632,"https://www.google.com/maps?q=29.9874584,31.1162632"
biz_atlas_1789777155954_roh98,شركة GOLDEN BULL للمقاولات العامة والخدمات البترولية,خدمات مهنية ومكاتب وعقارات,01000000000,نشاط شبحي ناقص تماماً (بلا هاتف وبلا صور حقيقية),29.9834678,31.1241425,"https://www.google.com/maps?q=29.9834678,31.1241425"
biz_atlas_1789777155666_6wgp8,Tawlif,سوبرماركت ومحلات تجارة وتجزئة,01000000000,نشاط شبحي ناقص تماماً (بلا هاتف وبلا صور حقيقية),29.9833871,31.1240934,"https://www.google.com/maps?q=29.9833871,31.1240934"
biz_atlas_1789777155365_sic96,Jaskinia ptasia,كافيهات ومقاهي ومشروبات,01000000000,نشاط شبحي ناقص تماماً (بلا هاتف وبلا صور حقيقية),29.9784403,31.124368,"https://www.google.com/maps?q=29.9784403,31.124368"
biz_atlas_1789777155214_ivj2o,جمعية تحسين الصحة,نشاط تجاري وخدمي,01000000000,نشاط شبحي ناقص تماماً (بلا هاتف وبلا صور حقيقية),29.9827575,31.1231699,"https://www.google.com/maps?q=29.9827575,31.1231699"
biz_atlas_1789777154640_e8k8w,الجمعية النسائية لتحسين الصحة,عيادات ومراكز طبية وصيدليات,01000000000,نشاط شبحي ناقص تماماً (بلا هاتف وبلا صور حقيقية),29.9818059,31.1224526,"https://www.google.com/maps?q=29.9818059,31.1224526"
biz_atlas_1789777154519_htu6c,البوابة الثانية لمدينة ضباط الرماية,نشاط تجاري وخدمي,01000000000,نشاط شبحي ناقص تماماً (بلا هاتف وبلا صور حقيقية),29.9826434,31.1208984,"https://www.google.com/maps?q=29.9826434,31.1208984"
biz_atlas_1789777154250_an3pb,Misr International School,مدارس وحضانات ومراكز تعليمية,01000000000,نشاط شبحي ناقص تماماً (بلا هاتف وبلا صور حقيقية),29.9803141,31.119126,"https://www.google.com/maps?q=29.9803141,31.119126"
biz_atlas_1789777154027_99cus,Magda Mousa’s Stadium – MLS,نشاط تجاري وخدمي,01000000000,نشاط شبحي ناقص تماماً (بلا هاتف وبلا صور حقيقية),29.9792464,31.1178799,"https://www.google.com/maps?q=29.9792464,31.1178799"
biz_atlas_1789777153923_cwxgj,كشك ليلة القدر,سوبرماركت ومحلات تجارة وتجزئة,01000000000,نشاط شبحي ناقص تماماً (بلا هاتف وبلا صور حقيقية),29.9812877,31.1182842,"https://www.google.com/maps?q=29.9812877,31.1182842"
biz_atlas_1789777153597_7r1e0,Gate 3 – MLS Campus,مدارس وحضانات ومراكز تعليمية,01000000000,نشاط شبحي ناقص تماماً (بلا هاتف وبلا صور حقيقية),29.9804375,31.1182969,"https://www.google.com/maps?q=29.9804375,31.1182969"
biz_atlas_1789777153492_3rtek,مكتب شئون ظباط الجيزة,خدمات مهنية ومكاتب وعقارات,01000000000,نشاط شبحي ناقص تماماً (بلا هاتف وبلا صور حقيقية),29.9799735,31.1153954,"https://www.google.com/maps?q=29.9799735,31.1153954"
biz_atlas_1789777153319_6tbiv,منافذ قطاع المركزية جهاز مستقبل مصر,خدمات مهنية ومكاتب وعقارات,01000000000,نشاط شبحي ناقص تماماً (بلا هاتف وبلا صور حقيقية),29.9794225,31.1163785,"https://www.google.com/maps?q=29.9794225,31.1163785"
biz_atlas_1789777153142_1n6za,Blue Bus Al-Remaya,نشاط تجاري وخدمي,01000000000,نشاط شبحي ناقص تماماً (بلا هاتف وبلا صور حقيقية),29.9801594,31.1161314,"https://www.google.com/maps?q=29.9801594,31.1161314"
biz_atlas_1789777153051_hdpeu,Arab African International Bank ATM,نشاط تجاري وخدمي,01000000000,نشاط شبحي ناقص تماماً (بلا هاتف وبلا صور حقيقية),29.9801786,31.1161523,"https://www.google.com/maps?q=29.9801786,31.1161523"
biz_atlas_1789777152865_uisqu,Main Gate 1 – MLS Campus,نشاط تجاري وخدمي,01000000000,نشاط شبحي ناقص تماماً (بلا هاتف وبلا صور حقيقية),29.9807125,31.1209844,"https://www.google.com/maps?q=29.9807125,31.1209844"
biz_atlas_1789777152759_n4w01,سلم تجنيد الجيزه,نشاط تجاري وخدمي,01000000000,نشاط شبحي ناقص تماماً (بلا هاتف وبلا صور حقيقية),29.978101,31.1138267,"https://www.google.com/maps?q=29.978101,31.1138267"
biz_atlas_1789777152670_30wzw,موقف باص هضبة الهرم,نشاط تجاري وخدمي,01000000000,نشاط شبحي ناقص تماماً (بلا هاتف وبلا صور حقيقية),29.9809408,31.1126257,"https://www.google.com/maps?q=29.9809408,31.1126257"
biz_atlas_1789777119904_z7f6x,نايت كلوب وديسكو مطعم ومسرح منوعات,مطاعم ومأكولات ومخابز,01000000000,نشاط شبحي ناقص تماماً (بلا هاتف وبلا صور حقيقية),29.9891974,31.1288734,"https://www.google.com/maps?q=29.9891974,31.1288734"
biz_atlas_1789777119799_czpbu,بتاع كاوتش,ورش وصيانة وخدمات حرفية,01000000000,نشاط شبحي ناقص تماماً (بلا هاتف وبلا صور حقيقية),29.9889485,31.1285574,"https://www.google.com/maps?q=29.9889485,31.1285574"
biz_atlas_1789777119641_esfyv,(الحلو سوبر ماركت).,سوبرماركت ومحلات تجارة وتجزئة,01000000000,نشاط شبحي ناقص تماماً (بلا هاتف وبلا صور حقيقية),29.989017,31.128452,"https://www.google.com/maps?q=29.989017,31.128452"
biz_atlas_1789777119175_2g1dz,ADHAM'S INN,نشاط تجاري وخدمي,01000000000,نشاط شبحي ناقص تماماً (بلا هاتف وبلا صور حقيقية),29.9902706,31.1268902,"https://www.google.com/maps?q=29.9902706,31.1268902"
biz_atlas_1789777118778_89mz6,First Row to Pyramids Studio,نشاط تجاري وخدمي,01000000000,نشاط شبحي ناقص تماماً (بلا هاتف وبلا صور حقيقية),29.988741,31.1257629,"https://www.google.com/maps?q=29.988741,31.1257629"
biz_atlas_1789777118627_j9hr4,Eltelal Group,خدمات مهنية ومكاتب وعقارات,01000000000,نشاط شبحي ناقص تماماً (بلا هاتف وبلا صور حقيقية),29.9915342,31.1274884,"https://www.google.com/maps?q=29.9915342,31.1274884"
biz_atlas_1789777118181_himlm,العليمى PRO FIX لصيانه المحمول,نشاط تجاري وخدمي,01000000000,نشاط شبحي ناقص تماماً (بلا هاتف وبلا صور حقيقية),29.9891757,31.1177953,"https://www.google.com/maps?q=29.9891757,31.1177953"
biz_atlas_1789777118069_41lcb,La belle store,سوبرماركت ومحلات تجارة وتجزئة,01000000000,نشاط شبحي ناقص تماماً (بلا هاتف وبلا صور حقيقية),29.9891757,31.1177953,"https://www.google.com/maps?q=29.9891757,31.1177953"
biz_atlas_1789777117664_4ym41,Beisan,مطاعم ومأكولات ومخابز,01000000000,نشاط شبحي ناقص تماماً (بلا هاتف وبلا صور حقيقية),29.9886995,31.1179011,"https://www.google.com/maps?q=29.9886995,31.1179011"
biz_atlas_1789777117551_07nzf,البرديسي للزجاج و السكوريت,ورش وصيانة وخدمات حرفية,01000000000,نشاط شبحي ناقص تماماً (بلا هاتف وبلا صور حقيقية),29.988834,31.118234,"https://www.google.com/maps?q=29.988834,31.118234"
biz_atlas_1789777117412_lyzu3,shakhabeet,سوبرماركت ومحلات تجارة وتجزئة,01000000000,نشاط شبحي ناقص تماماً (بلا هاتف وبلا صور حقيقية),29.988834,31.118234,"https://www.google.com/maps?q=29.988834,31.118234"
biz_atlas_1789777117150_nn2rb,بيوتي سنتر سيد الشربيني,صالونات ومراكز تجميل وعناية,01000000000,نشاط شبحي ناقص تماماً (بلا هاتف وبلا صور حقيقية),29.9886842,31.1184345,"https://www.google.com/maps?q=29.9886842,31.1184345"
biz_atlas_1789777117031_cfeys,Legend vape lounge,سوبرماركت ومحلات تجارة وتجزئة,01000000000,نشاط شبحي ناقص تماماً (بلا هاتف وبلا صور حقيقية),29.9886842,31.1184345,"https://www.google.com/maps?q=29.9886842,31.1184345"
biz_atlas_1789777116910_les00,١٩٧ رماية,نشاط تجاري وخدمي,01000000000,نشاط شبحي ناقص تماماً (بلا هاتف وبلا صور حقيقية),29.986434,31.1193172,"https://www.google.com/maps?q=29.986434,31.1193172"
biz_atlas_1789777116115_uxt21,Jaskinia ptasia,كافيهات ومقاهي ومشروبات,01000000000,نشاط شبحي ناقص تماماً (بلا هاتف وبلا صور حقيقية),29.9784403,31.124368,"https://www.google.com/maps?q=29.9784403,31.124368"
biz_atlas_1789777116005_3z30u,Tawlif,سوبرماركت ومحلات تجارة وتجزئة,01000000000,نشاط شبحي ناقص تماماً (بلا هاتف وبلا صور حقيقية),29.9833871,31.1240934,"https://www.google.com/maps?q=29.9833871,31.1240934"
biz_atlas_1789777115766_f3lp6,شركة GOLDEN BULL للمقاولات العامة والخدمات البترولية,خدمات مهنية ومكاتب وعقارات,01000000000,نشاط شبحي ناقص تماماً (بلا هاتف وبلا صور حقيقية),29.9834678,31.1241425,"https://www.google.com/maps?q=29.9834678,31.1241425"
biz_atlas_1789777115519_xflj2,جمعية تحسين الصحة,نشاط تجاري وخدمي,01000000000,نشاط شبحي ناقص تماماً (بلا هاتف وبلا صور حقيقية),29.9827575,31.1231699,"https://www.google.com/maps?q=29.9827575,31.1231699"
biz_atlas_1789777115402_wylo7,الجمعية النسائية لتحسين الصحة,عيادات ومراكز طبية وصيدليات,01000000000,نشاط شبحي ناقص تماماً (بلا هاتف وبلا صور حقيقية),29.9818059,31.1224526,"https://www.google.com/maps?q=29.9818059,31.1224526"
biz_atlas_1789777114823_ae8n5,Haram commercial school males,مدارس وحضانات ومراكز تعليمية,01000000000,نشاط شبحي ناقص تماماً (بلا هاتف وبلا صور حقيقية),29.9825973,31.1165465,"https://www.google.com/maps?q=29.9825973,31.1165465"
biz_atlas_1789777114719_rx2gr,School Canteen – MLS Campus,كافيهات ومقاهي ومشروبات,01000000000,نشاط شبحي ناقص تماماً (بلا هاتف وبلا صور حقيقية),29.9796312,31.1194723,"https://www.google.com/maps?q=29.9796312,31.1194723"
biz_atlas_1789777114503_qsi53,Kids Sports Courts – MLS,أندية وجيم وصالات رياضية,01000000000,نشاط شبحي ناقص تماماً (بلا هاتف وبلا صور حقيقية),29.9801512,31.119775,"https://www.google.com/maps?q=29.9801512,31.119775"
biz_atlas_1789777114178_ocxpu,Misr International School,مدارس وحضانات ومراكز تعليمية,01000000000,نشاط شبحي ناقص تماماً (بلا هاتف وبلا صور حقيقية),29.9803141,31.119126,"https://www.google.com/maps?q=29.9803141,31.119126"
biz_atlas_1789777113962_4nkmv,Gate 3 – MLS Campus,مدارس وحضانات ومراكز تعليمية,01000000000,نشاط شبحي ناقص تماماً (بلا هاتف وبلا صور حقيقية),29.9804375,31.1182969,"https://www.google.com/maps?q=29.9804375,31.1182969"
biz_atlas_1789777113869_a1iqr,Gate 2 – MLS Campus,مدارس وحضانات ومراكز تعليمية,01000000000,نشاط شبحي ناقص تماماً (بلا هاتف وبلا صور حقيقية),29.9808347,31.1192143,"https://www.google.com/maps?q=29.9808347,31.1192143"
biz_atlas_1789777113781_7cf5i,كشك ليلة القدر,سوبرماركت ومحلات تجارة وتجزئة,01000000000,نشاط شبحي ناقص تماماً (بلا هاتف وبلا صور حقيقية),29.9812877,31.1182842,"https://www.google.com/maps?q=29.9812877,31.1182842"
biz_atlas_1789777113684_7r3u3,Main Gate 1 – MLS Campus,نشاط تجاري وخدمي,01000000000,نشاط شبحي ناقص تماماً (بلا هاتف وبلا صور حقيقية),29.9807125,31.1209844,"https://www.google.com/maps?q=29.9807125,31.1209844"
biz_atlas_1789777113591_a2m6b,البوابة الثانية لمدينة ضباط الرماية,نشاط تجاري وخدمي,01000000000,نشاط شبحي ناقص تماماً (بلا هاتف وبلا صور حقيقية),29.9826434,31.1208984,"https://www.google.com/maps?q=29.9826434,31.1208984"
biz_atlas_1789777078522_kk2rt,نايت كلوب وديسكو مطعم ومسرح منوعات,مطاعم ومأكولات ومخابز,01000000000,نشاط شبحي ناقص تماماً (بلا هاتف وبلا صور حقيقية),29.9891974,31.1288734,"https://www.google.com/maps?q=29.9891974,31.1288734"
biz_atlas_1789777078395_9sqsx,بتاع كاوتش,ورش وصيانة وخدمات حرفية,01000000000,نشاط شبحي ناقص تماماً (بلا هاتف وبلا صور حقيقية),29.9889485,31.1285574,"https://www.google.com/maps?q=29.9889485,31.1285574"
biz_atlas_1789777078243_eyh8g,(الحلو سوبر ماركت).,سوبرماركت ومحلات تجارة وتجزئة,01000000000,نشاط شبحي ناقص تماماً (بلا هاتف وبلا صور حقيقية),29.989017,31.128452,"https://www.google.com/maps?q=29.989017,31.128452"
biz_atlas_1789777077819_twpe3,ADHAM'S INN,نشاط تجاري وخدمي,01000000000,نشاط شبحي ناقص تماماً (بلا هاتف وبلا صور حقيقية),29.9902706,31.1268902,"https://www.google.com/maps?q=29.9902706,31.1268902"
biz_atlas_1789777077372_zcvnk,First Row to Pyramids Studio,نشاط تجاري وخدمي,01000000000,نشاط شبحي ناقص تماماً (بلا هاتف وبلا صور حقيقية),29.988741,31.1257629,"https://www.google.com/maps?q=29.988741,31.1257629"
biz_atlas_1789777077183_0jsvi,Eltelal Group,خدمات مهنية ومكاتب وعقارات,01000000000,نشاط شبحي ناقص تماماً (بلا هاتف وبلا صور حقيقية),29.9915342,31.1274884,"https://www.google.com/maps?q=29.9915342,31.1274884"
biz_atlas_1789777076717_mxdd5,العليمى PRO FIX لصيانه المحمول,نشاط تجاري وخدمي,01000000000,نشاط شبحي ناقص تماماً (بلا هاتف وبلا صور حقيقية),29.9891757,31.1177953,"https://www.google.com/maps?q=29.9891757,31.1177953"
biz_atlas_1789777076590_x72mf,La belle store,سوبرماركت ومحلات تجارة وتجزئة,01000000000,نشاط شبحي ناقص تماماً (بلا هاتف وبلا صور حقيقية),29.9891757,31.1177953,"https://www.google.com/maps?q=29.9891757,31.1177953"
biz_atlas_1789777076265_qho8k,Beisan,مطاعم ومأكولات ومخابز,01000000000,نشاط شبحي ناقص تماماً (بلا هاتف وبلا صور حقيقية),29.9886995,31.1179011,"https://www.google.com/maps?q=29.9886995,31.1179011"
biz_atlas_1789777076163_cpb9i,البرديسي للزجاج و السكوريت,ورش وصيانة وخدمات حرفية,01000000000,نشاط شبحي ناقص تماماً (بلا هاتف وبلا صور حقيقية),29.988834,31.118234,"https://www.google.com/maps?q=29.988834,31.118234"
biz_atlas_1789777076035_a0dzc,shakhabeet,سوبرماركت ومحلات تجارة وتجزئة,01000000000,نشاط شبحي ناقص تماماً (بلا هاتف وبلا صور حقيقية),29.988834,31.118234,"https://www.google.com/maps?q=29.988834,31.118234"
biz_atlas_1789777075817_jzmcx,بيوتي سنتر سيد الشربيني,صالونات ومراكز تجميل وعناية,01000000000,نشاط شبحي ناقص تماماً (بلا هاتف وبلا صور حقيقية),29.9886842,31.1184345,"https://www.google.com/maps?q=29.9886842,31.1184345"
biz_atlas_1789777075705_jaq9z,Legend vape lounge,سوبرماركت ومحلات تجارة وتجزئة,01000000000,نشاط شبحي ناقص تماماً (بلا هاتف وبلا صور حقيقية),29.9886842,31.1184345,"https://www.google.com/maps?q=29.9886842,31.1184345"
biz_atlas_1789777075613_aws4i,١٩٧ رماية,نشاط تجاري وخدمي,01000000000,نشاط شبحي ناقص تماماً (بلا هاتف وبلا صور حقيقية),29.986434,31.1193172,"https://www.google.com/maps?q=29.986434,31.1193172"
biz_atlas_1789777074897_h7zwe,Jaskinia ptasia,كافيهات ومقاهي ومشروبات,01000000000,نشاط شبحي ناقص تماماً (بلا هاتف وبلا صور حقيقية),29.9784403,31.124368,"https://www.google.com/maps?q=29.9784403,31.124368"
biz_atlas_1789777074804_lu0n3,Tawlif,سوبرماركت ومحلات تجارة وتجزئة,01000000000,نشاط شبحي ناقص تماماً (بلا هاتف وبلا صور حقيقية),29.9833871,31.1240934,"https://www.google.com/maps?q=29.9833871,31.1240934"
biz_atlas_1789777074487_4m1bk,شركة GOLDEN BULL للمقاولات العامة والخدمات البترولية,خدمات مهنية ومكاتب وعقارات,01000000000,نشاط شبحي ناقص تماماً (بلا هاتف وبلا صور حقيقية),29.9834678,31.1241425,"https://www.google.com/maps?q=29.9834678,31.1241425"
biz_atlas_1789777074359_asizy,جمعية تحسين الصحة,نشاط تجاري وخدمي,01000000000,نشاط شبحي ناقص تماماً (بلا هاتف وبلا صور حقيقية),29.9827575,31.1231699,"https://www.google.com/maps?q=29.9827575,31.1231699"
biz_atlas_1789777074248_xm753,الجمعية النسائية لتحسين الصحة,عيادات ومراكز طبية وصيدليات,01000000000,نشاط شبحي ناقص تماماً (بلا هاتف وبلا صور حقيقية),29.9818059,31.1224526,"https://www.google.com/maps?q=29.9818059,31.1224526"
biz_atlas_1789777073695_v3iqz,Haram commercial school males,مدارس وحضانات ومراكز تعليمية,01000000000,نشاط شبحي ناقص تماماً (بلا هاتف وبلا صور حقيقية),29.9825973,31.1165465,"https://www.google.com/maps?q=29.9825973,31.1165465"
biz_atlas_1789777073580_5cb3w,School Canteen – MLS Campus,كافيهات ومقاهي ومشروبات,01000000000,نشاط شبحي ناقص تماماً (بلا هاتف وبلا صور حقيقية),29.9796312,31.1194723,"https://www.google.com/maps?q=29.9796312,31.1194723"
biz_atlas_1789777073330_4v9qt,Kids Sports Courts – MLS,أندية وجيم وصالات رياضية,01000000000,نشاط شبحي ناقص تماماً (بلا هاتف وبلا صور حقيقية),29.9801512,31.119775,"https://www.google.com/maps?q=29.9801512,31.119775"
biz_atlas_1789777072995_jvsc4,Misr International School,مدارس وحضانات ومراكز تعليمية,01000000000,نشاط شبحي ناقص تماماً (بلا هاتف وبلا صور حقيقية),29.9803141,31.119126,"https://www.google.com/maps?q=29.9803141,31.119126"
biz_atlas_1789777072758_2s1lq,Gate 3 – MLS Campus,مدارس وحضانات ومراكز تعليمية,01000000000,نشاط شبحي ناقص تماماً (بلا هاتف وبلا صور حقيقية),29.9804375,31.1182969,"https://www.google.com/maps?q=29.9804375,31.1182969"
biz_atlas_1789777072667_70g1c,Gate 2 – MLS Campus,مدارس وحضانات ومراكز تعليمية,01000000000,نشاط شبحي ناقص تماماً (بلا هاتف وبلا صور حقيقية),29.9808347,31.1192143,"https://www.google.com/maps?q=29.9808347,31.1192143"
biz_atlas_1789777072562_rf8s4,كشك ليلة القدر,سوبرماركت ومحلات تجارة وتجزئة,01000000000,نشاط شبحي ناقص تماماً (بلا هاتف وبلا صور حقيقية),29.9812877,31.1182842,"https://www.google.com/maps?q=29.9812877,31.1182842"
biz_atlas_1789777072446_px8yk,Main Gate 1 – MLS Campus,نشاط تجاري وخدمي,01000000000,نشاط شبحي ناقص تماماً (بلا هاتف وبلا صور حقيقية),29.9807125,31.1209844,"https://www.google.com/maps?q=29.9807125,31.1209844"
biz_atlas_1789777072353_wljek,البوابة الثانية لمدينة ضباط الرماية,نشاط تجاري وخدمي,01000000000,نشاط شبحي ناقص تماماً (بلا هاتف وبلا صور حقيقية),29.9826434,31.1208984,"https://www.google.com/maps?q=29.9826434,31.1208984"
biz_atlas_1789777033959_fjzp5,نايت كلوب وديسكو مطعم ومسرح منوعات,مطاعم ومأكولات ومخابز,01000000000,نشاط شبحي ناقص تماماً (بلا هاتف وبلا صور حقيقية),29.9891974,31.1288734,"https://www.google.com/maps?q=29.9891974,31.1288734"
biz_atlas_1789777033776_tj1l4,بتاع كاوتش,ورش وصيانة وخدمات حرفية,01000000000,نشاط شبحي ناقص تماماً (بلا هاتف وبلا صور حقيقية),29.9889485,31.1285574,"https://www.google.com/maps?q=29.9889485,31.1285574"
biz_atlas_1789777033597_dhijv,(الحلو سوبر ماركت).,سوبرماركت ومحلات تجارة وتجزئة,01000000000,نشاط شبحي ناقص تماماً (بلا هاتف وبلا صور حقيقية),29.989017,31.128452,"https://www.google.com/maps?q=29.989017,31.128452"
biz_atlas_1789777033055_5n3vy,ADHAM'S INN,نشاط تجاري وخدمي,01000000000,نشاط شبحي ناقص تماماً (بلا هاتف وبلا صور حقيقية),29.9902706,31.1268902,"https://www.google.com/maps?q=29.9902706,31.1268902"
biz_atlas_1789777032376_szvv0,First Row to Pyramids Studio,نشاط تجاري وخدمي,01000000000,نشاط شبحي ناقص تماماً (بلا هاتف وبلا صور حقيقية),29.988741,31.1257629,"https://www.google.com/maps?q=29.988741,31.1257629"
biz_atlas_1789777032183_s66f4,Eltelal Group,خدمات مهنية ومكاتب وعقارات,01000000000,نشاط شبحي ناقص تماماً (بلا هاتف وبلا صور حقيقية),29.9915342,31.1274884,"https://www.google.com/maps?q=29.9915342,31.1274884"
biz_atlas_1789777031436_lb17q,العليمى PRO FIX لصيانه المحمول,نشاط تجاري وخدمي,01000000000,نشاط شبحي ناقص تماماً (بلا هاتف وبلا صور حقيقية),29.9891757,31.1177953,"https://www.google.com/maps?q=29.9891757,31.1177953"
biz_atlas_1789777031272_i4gi4,La belle store,سوبرماركت ومحلات تجارة وتجزئة,01000000000,نشاط شبحي ناقص تماماً (بلا هاتف وبلا صور حقيقية),29.9891757,31.1177953,"https://www.google.com/maps?q=29.9891757,31.1177953"
biz_atlas_1789777030596_efvae,Beisan,مطاعم ومأكولات ومخابز,01000000000,نشاط شبحي ناقص تماماً (بلا هاتف وبلا صور حقيقية),29.9886995,31.1179011,"https://www.google.com/maps?q=29.9886995,31.1179011"
biz_atlas_1789777030431_7slvd,البرديسي للزجاج و السكوريت,ورش وصيانة وخدمات حرفية,01000000000,نشاط شبحي ناقص تماماً (بلا هاتف وبلا صور حقيقية),29.988834,31.118234,"https://www.google.com/maps?q=29.988834,31.118234"
biz_atlas_1789777029756_zau1l,shakhabeet,سوبرماركت ومحلات تجارة وتجزئة,01000000000,نشاط شبحي ناقص تماماً (بلا هاتف وبلا صور حقيقية),29.988834,31.118234,"https://www.google.com/maps?q=29.988834,31.118234"
biz_atlas_1789777029256_cqt88,بيوتي سنتر سيد الشربيني,صالونات ومراكز تجميل وعناية,01000000000,نشاط شبحي ناقص تماماً (بلا هاتف وبلا صور حقيقية),29.9886842,31.1184345,"https://www.google.com/maps?q=29.9886842,31.1184345"
biz_atlas_1789777029100_srg5t,Legend vape lounge,سوبرماركت ومحلات تجارة وتجزئة,01000000000,نشاط شبحي ناقص تماماً (بلا هاتف وبلا صور حقيقية),29.9886842,31.1184345,"https://www.google.com/maps?q=29.9886842,31.1184345"
biz_atlas_1789777028933_xdy3x,١٩٧ رماية,نشاط تجاري وخدمي,01000000000,نشاط شبحي ناقص تماماً (بلا هاتف وبلا صور حقيقية),29.986434,31.1193172,"https://www.google.com/maps?q=29.986434,31.1193172"
biz_atlas_1789777027876_k10o4,Jaskinia ptasia,كافيهات ومقاهي ومشروبات,01000000000,نشاط شبحي ناقص تماماً (بلا هاتف وبلا صور حقيقية),29.9784403,31.124368,"https://www.google.com/maps?q=29.9784403,31.124368"
biz_atlas_1789777027703_klmbi,Tawlif,سوبرماركت ومحلات تجارة وتجزئة,01000000000,نشاط شبحي ناقص تماماً (بلا هاتف وبلا صور حقيقية),29.9833871,31.1240934,"https://www.google.com/maps?q=29.9833871,31.1240934"
biz_atlas_1789777027365_uzpiw,شركة GOLDEN BULL للمقاولات العامة والخدمات البترولية,خدمات مهنية ومكاتب وعقارات,01000000000,نشاط شبحي ناقص تماماً (بلا هاتف وبلا صور حقيقية),29.9834678,31.1241425,"https://www.google.com/maps?q=29.9834678,31.1241425"
biz_atlas_1789777027206_xpj4d,جمعية تحسين الصحة,نشاط تجاري وخدمي,01000000000,نشاط شبحي ناقص تماماً (بلا هاتف وبلا صور حقيقية),29.9827575,31.1231699,"https://www.google.com/maps?q=29.9827575,31.1231699"
biz_atlas_1789777027041_8caeb,الجمعية النسائية لتحسين الصحة,عيادات ومراكز طبية وصيدليات,01000000000,نشاط شبحي ناقص تماماً (بلا هاتف وبلا صور حقيقية),29.9818059,31.1224526,"https://www.google.com/maps?q=29.9818059,31.1224526"
biz_atlas_1789777026192_aoouj,Haram commercial school males,مدارس وحضانات ومراكز تعليمية,01000000000,نشاط شبحي ناقص تماماً (بلا هاتف وبلا صور حقيقية),29.9825973,31.1165465,"https://www.google.com/maps?q=29.9825973,31.1165465"
biz_atlas_1789777026042_6kkip,School Canteen – MLS Campus,كافيهات ومقاهي ومشروبات,01000000000,نشاط شبحي ناقص تماماً (بلا هاتف وبلا صور حقيقية),29.9796312,31.1194723,"https://www.google.com/maps?q=29.9796312,31.1194723"
biz_atlas_1789777025745_2ivhr,Kids Sports Courts – MLS,أندية وجيم وصالات رياضية,01000000000,نشاط شبحي ناقص تماماً (بلا هاتف وبلا صور حقيقية),29.9801512,31.119775,"https://www.google.com/maps?q=29.9801512,31.119775"
biz_atlas_1789777025111_h0nt3,Misr International School,مدارس وحضانات ومراكز تعليمية,01000000000,نشاط شبحي ناقص تماماً (بلا هاتف وبلا صور حقيقية),29.9803141,31.119126,"https://www.google.com/maps?q=29.9803141,31.119126"
biz_atlas_1789777024797_zul56,Gate 3 – MLS Campus,مدارس وحضانات ومراكز تعليمية,01000000000,نشاط شبحي ناقص تماماً (بلا هاتف وبلا صور حقيقية),29.9804375,31.1182969,"https://www.google.com/maps?q=29.9804375,31.1182969"
biz_atlas_1789777024644_tmv3b,Gate 2 – MLS Campus,مدارس وحضانات ومراكز تعليمية,01000000000,نشاط شبحي ناقص تماماً (بلا هاتف وبلا صور حقيقية),29.9808347,31.1192143,"https://www.google.com/maps?q=29.9808347,31.1192143"
biz_atlas_1789777024486_qsvkd,كشك ليلة القدر,سوبرماركت ومحلات تجارة وتجزئة,01000000000,نشاط شبحي ناقص تماماً (بلا هاتف وبلا صور حقيقية),29.9812877,31.1182842,"https://www.google.com/maps?q=29.9812877,31.1182842"
biz_atlas_1789777024329_xzfoe,Main Gate 1 – MLS Campus,نشاط تجاري وخدمي,01000000000,نشاط شبحي ناقص تماماً (بلا هاتف وبلا صور حقيقية),29.9807125,31.1209844,"https://www.google.com/maps?q=29.9807125,31.1209844"
biz_atlas_1789777024184_4kwl9,البوابة الثانية لمدينة ضباط الرماية,نشاط تجاري وخدمي,01000000000,نشاط شبحي ناقص تماماً (بلا هاتف وبلا صور حقيقية),29.9826434,31.1208984,"https://www.google.com/maps?q=29.9826434,31.1208984"
biz_atlas_1789776111062_rt2po,Nada hdaaay2,نشاط تجاري وخدمي,01000000000,نشاط شبحي ناقص تماماً (بلا هاتف وبلا صور حقيقية),29.9838982,31.1051526,"https://www.google.com/maps?q=29.9838982,31.1051526"
biz_atlas_1789776110377_gtf78,معامل رويال لاب Royal Lab,عيادات ومراكز طبية وصيدليات,01000000000,نشاط شبحي ناقص تماماً (بلا هاتف وبلا صور حقيقية),29.9775802,31.1119513,"https://www.google.com/maps?q=29.9775802,31.1119513"
biz_atlas_1789776109669_6nnhe,حضانة cute kids,مدارس وحضانات ومراكز تعليمية,01000000000,نشاط شبحي ناقص تماماً (بلا هاتف وبلا صور حقيقية),29.9775332,31.1044604,"https://www.google.com/maps?q=29.9775332,31.1044604"
biz_atlas_1789776109203_6r5bn,Asghar Child Academy,مدارس وحضانات ومراكز تعليمية,01000000000,نشاط شبحي ناقص تماماً (بلا هاتف وبلا صور حقيقية),29.9720264,31.1026626,"https://www.google.com/maps?q=29.9720264,31.1026626"
biz_atlas_1789776076969_enebz,Nada hdaaay2,نشاط تجاري وخدمي,01000000000,نشاط شبحي ناقص تماماً (بلا هاتف وبلا صور حقيقية),29.9838982,31.1051526,"https://www.google.com/maps?q=29.9838982,31.1051526"
biz_atlas_1789776076108_7u53l,معامل رويال لاب Royal Lab,عيادات ومراكز طبية وصيدليات,01000000000,نشاط شبحي ناقص تماماً (بلا هاتف وبلا صور حقيقية),29.9775802,31.1119513,"https://www.google.com/maps?q=29.9775802,31.1119513"
biz_atlas_1789776075393_40jev,حضانة cute kids,مدارس وحضانات ومراكز تعليمية,01000000000,نشاط شبحي ناقص تماماً (بلا هاتف وبلا صور حقيقية),29.9775332,31.1044604,"https://www.google.com/maps?q=29.9775332,31.1044604"
biz_atlas_1789776055050_o6s12,Gate 3 – MLS Campus,مدارس وحضانات ومراكز تعليمية,01000000000,نشاط شبحي ناقص تماماً (بلا هاتف وبلا صور حقيقية),29.9804375,31.1182969,"https://www.google.com/maps?q=29.9804375,31.1182969"
biz_atlas_1789776054952_otyde,Blue Bus Al-Remaya,نشاط تجاري وخدمي,01000000000,نشاط شبحي ناقص تماماً (بلا هاتف وبلا صور حقيقية),29.9801594,31.1161314,"https://www.google.com/maps?q=29.9801594,31.1161314"
biz_atlas_1789776054716_ili40,Main Gate 1 – MLS Campus,نشاط تجاري وخدمي,01000000000,نشاط شبحي ناقص تماماً (بلا هاتف وبلا صور حقيقية),29.9807125,31.1209844,"https://www.google.com/maps?q=29.9807125,31.1209844"
biz_atlas_1789776054604_7naat,البوابة الثانية لمدينة ضباط الرماية,نشاط تجاري وخدمي,01000000000,نشاط شبحي ناقص تماماً (بلا هاتف وبلا صور حقيقية),29.9826434,31.1208984,"https://www.google.com/maps?q=29.9826434,31.1208984"
biz_atlas_1789775968822_lvo1a,Eltelal Group,خدمات مهنية ومكاتب وعقارات,01000000000,نشاط شبحي ناقص تماماً (بلا هاتف وبلا صور حقيقية),29.9915342,31.1274884,"https://www.google.com/maps?q=29.9915342,31.1274884"
biz_atlas_1789775968434_gi83n,١٩٧ رماية,نشاط تجاري وخدمي,01000000000,نشاط شبحي ناقص تماماً (بلا هاتف وبلا صور حقيقية),29.986434,31.1193172,"https://www.google.com/maps?q=29.986434,31.1193172"
biz_atlas_1789775967864_mkvmv,Jaskinia ptasia,كافيهات ومقاهي ومشروبات,01000000000,نشاط شبحي ناقص تماماً (بلا هاتف وبلا صور حقيقية),29.9784403,31.124368,"https://www.google.com/maps?q=29.9784403,31.124368"
biz_atlas_1789775967781_s5igk,Tawlif,سوبرماركت ومحلات تجارة وتجزئة,01000000000,نشاط شبحي ناقص تماماً (بلا هاتف وبلا صور حقيقية),29.9833871,31.1240934,"https://www.google.com/maps?q=29.9833871,31.1240934"
biz_atlas_1789775967615_drouy,شركة GOLDEN BULL للمقاولات العامة والخدمات البترولية,خدمات مهنية ومكاتب وعقارات,01000000000,نشاط شبحي ناقص تماماً (بلا هاتف وبلا صور حقيقية),29.9834678,31.1241425,"https://www.google.com/maps?q=29.9834678,31.1241425"
biz_atlas_1789775967507_8ou3j,جمعية تحسين الصحة,نشاط تجاري وخدمي,01000000000,نشاط شبحي ناقص تماماً (بلا هاتف وبلا صور حقيقية),29.9827575,31.1231699,"https://www.google.com/maps?q=29.9827575,31.1231699"
biz_atlas_1789775967425_zjdey,الجمعية النسائية لتحسين الصحة,عيادات ومراكز طبية وصيدليات,01000000000,نشاط شبحي ناقص تماماً (بلا هاتف وبلا صور حقيقية),29.9818059,31.1224526,"https://www.google.com/maps?q=29.9818059,31.1224526"
biz_atlas_1789775967042_gvw4r,Main Gate 1 – MLS Campus,نشاط تجاري وخدمي,01000000000,نشاط شبحي ناقص تماماً (بلا هاتف وبلا صور حقيقية),29.9807125,31.1209844,"https://www.google.com/maps?q=29.9807125,31.1209844"
biz_atlas_1789775966961_9jt6j,البوابة الثانية لمدينة ضباط الرماية,نشاط تجاري وخدمي,01000000000,نشاط شبحي ناقص تماماً (بلا هاتف وبلا صور حقيقية),29.9826434,31.1208984,"https://www.google.com/maps?q=29.9826434,31.1208984"
biz_atlas_1789775940404_4hf3q,Eltelal Group,خدمات مهنية ومكاتب وعقارات,01000000000,نشاط شبحي ناقص تماماً (بلا هاتف وبلا صور حقيقية),29.9915342,31.1274884,"https://www.google.com/maps?q=29.9915342,31.1274884"
biz_atlas_1789775939014_4solq,١٩٧ رماية,نشاط تجاري وخدمي,01000000000,نشاط شبحي ناقص تماماً (بلا هاتف وبلا صور حقيقية),29.986434,31.1193172,"https://www.google.com/maps?q=29.986434,31.1193172"
biz_atlas_1789775937376_ys2uu,Jaskinia ptasia,كافيهات ومقاهي ومشروبات,01000000000,نشاط شبحي ناقص تماماً (بلا هاتف وبلا صور حقيقية),29.9784403,31.124368,"https://www.google.com/maps?q=29.9784403,31.124368"
biz_atlas_1789775937252_cysj5,Tawlif,سوبرماركت ومحلات تجارة وتجزئة,01000000000,نشاط شبحي ناقص تماماً (بلا هاتف وبلا صور حقيقية),29.9833871,31.1240934,"https://www.google.com/maps?q=29.9833871,31.1240934"
biz_atlas_1789775936900_dvhgo,شركة GOLDEN BULL للمقاولات العامة والخدمات البترولية,خدمات مهنية ومكاتب وعقارات,01000000000,نشاط شبحي ناقص تماماً (بلا هاتف وبلا صور حقيقية),29.9834678,31.1241425,"https://www.google.com/maps?q=29.9834678,31.1241425"
biz_atlas_1789775936774_jmmja,جمعية تحسين الصحة,نشاط تجاري وخدمي,01000000000,نشاط شبحي ناقص تماماً (بلا هاتف وبلا صور حقيقية),29.9827575,31.1231699,"https://www.google.com/maps?q=29.9827575,31.1231699"
biz_atlas_1789775936676_4vylt,الجمعية النسائية لتحسين الصحة,عيادات ومراكز طبية وصيدليات,01000000000,نشاط شبحي ناقص تماماً (بلا هاتف وبلا صور حقيقية),29.9818059,31.1224526,"https://www.google.com/maps?q=29.9818059,31.1224526"
biz_atlas_1789775935738_74crh,Main Gate 1 – MLS Campus,نشاط تجاري وخدمي,01000000000,نشاط شبحي ناقص تماماً (بلا هاتف وبلا صور حقيقية),29.9807125,31.1209844,"https://www.google.com/maps?q=29.9807125,31.1209844"
biz_atlas_1789775935599_hhyc0,البوابة الثانية لمدينة ضباط الرماية,نشاط تجاري وخدمي,01000000000,نشاط شبحي ناقص تماماً (بلا هاتف وبلا صور حقيقية),29.9826434,31.1208984,"https://www.google.com/maps?q=29.9826434,31.1208984"
biz_atlas_1789770446383_g6t78,منطقه د,مبنى سكني,01000000000,نشاط شبحي ناقص تماماً (بلا هاتف وبلا صور حقيقية),29.9912303,31.1286277,"https://www.google.com/maps?q=29.9912303,31.1286277"
biz_atlas_1789770446307_o2hgx,123 ط حدائق الاهرام,مبنى سكني,01000000000,نشاط شبحي ناقص تماماً (بلا هاتف وبلا صور حقيقية),29.9911705,31.128542,"https://www.google.com/maps?q=29.9911705,31.128542"
biz_atlas_1789770446232_c3ia0,حدائق الاهرام,مجمع سكني,01000000000,نشاط شبحي ناقص تماماً (بلا هاتف وبلا صور حقيقية),29.9911726,31.1285413,"https://www.google.com/maps?q=29.9911726,31.1285413"
biz_atlas_1789770432038_1oxwr,حدائق الاهرام,مجمع سكني,01000000000,نشاط شبحي ناقص تماماً (بلا هاتف وبلا صور حقيقية),29.9911726,31.1285413,"https://www.google.com/maps?q=29.9911726,31.1285413"
biz_atlas_1789770403795_4cy8o,منطقه د,مبنى سكني,01000000000,نشاط شبحي ناقص تماماً (بلا هاتف وبلا صور حقيقية),29.9912303,31.1286277,"https://www.google.com/maps?q=29.9912303,31.1286277"
biz_atlas_1789770403626_vzs9d,123 ط حدائق الاهرام,مبنى سكني,01000000000,نشاط شبحي ناقص تماماً (بلا هاتف وبلا صور حقيقية),29.9911705,31.128542,"https://www.google.com/maps?q=29.9911705,31.128542"
biz_gplaces_1789196421398_im9jp,جيم نور ياسين للسيدات,جيم وصالة لياقة بدنية (Fitness),01000000000,نشاط شبحي ناقص تماماً (بلا هاتف وبلا صور حقيقية),29.8983456,31.0657139,"https://www.google.com/maps?q=29.8983456,31.0657139"
biz_gplaces_1789090111536_j1day,AlRasheed for Corporate Legal and Tax Accounting Consulting - الرشيد للاستشارات القانونية والمحاسبية والضريبية للشركات,مكتب محاماة واستشارات قانونية,01000000000,نشاط شبحي ناقص تماماً (بلا هاتف وبلا صور حقيقية),30.0604553,31.2089106,"https://www.google.com/maps?q=30.0604553,31.2089106"
